site,stat,tag,spp,year_2016,year_2017,year_2018,year_2019
1,A,17,AceRub,6.04,6.11,6.22,6.41
1,A,19,AceRub,6.55,6.77,6.85,6.98
1,A,28,AceRub,4.53,4.62,4.63,4.65
1,A,29,AceRub,8.42,8.42,8.45,8.49
1,A,40,AceRub,4.31,4.31,4.31,4.31
1,A,41,AceRub,8.56,8.71,8.85,9.1
1,A,43,AceRub,7.86,8,8.01,8.12
1,A,44,AceRub,3.9,3.9,3.9,3.9
1,A,46,AceRub,8.25,8.28,8.29,8.33
1,A,48,AceRub,4,4.05,4.11,4.16
1,A,53,AceRub,4.9,4.98,4.99,5.01
1,A,54,AceRub,5.63,5.7,5.7,5.7
1,A,60,AceRub,4.53,4.63,4.65,4.72
1,A,61,AceRub,4.28,4.28,4.28,4.29
1,A,62,AceRub,4.95,4.95,4.96,5.11
1,A,63,AceRub,7.45,7.5,7.5,7.59
1,A,67,AceRub,5.55,5.67,5.79,5.89
1,A,68,AceRub,4.03,4.03,4.03,4.08
1,A,69,AceRub,4.61,4.75,4.85,4.9
1,A,72,AceRub,13.19,13.21,13.4,13.49
1,A,73,AceRub,7.4,7.4,7.44,7.49
1,A,74,AceRub,3.89,3.93,4.08,4.2
1,A,78,AceRub,5.48,5.48,5.53,5.62
1,A,88,AceRub,3.72,3.72,3.72,3.72
1,A,89,AceRub,3,3.14,3.2,3.32
1,A,90,AceRub,3.69,3.7,3.8,3.89
1,A,91,AceRub,2.89,2.97,3,3
1,A,92,AceRub,4.89,4.9,4.9,4.9
1,A,98,AceRub,3.55,3.7,3.77,3.8
1,A,39,FraCar,5.64,5.64,5.64,5.7
1,A,82,FraCar,4.61,4.71,4.75,4.89
1,A,83,FraCar,2.85,2.89,2.9,2.9
1,A,9,NysAqu,31.62,31.7,31.83,32.08
1,A,12,NysAqu,29.91,30,30.25,30.6
1,A,13,NysAqu,16.65,16.7,16.74,16.88
1,A,20,NysAqu,12.19,12.2,12.3,12.41
1,A,25,NysAqu,38.12,38.2,38.4,38.6
1,A,31,NysAqu,26.61,26.65,26.8,27.02
1,A,38,NysAqu,44.78,44.8,44.85,45
1,A,50,NysAqu,16.12,16.13,16.16,16.17
1,A,51,NysAqu,14.98,15.01,15.07,15.18
1,A,52,NysAqu,36.38,36.4,36.5,36.68
1,A,70,NysAqu,33.68,33.91,34.3,34.34
1,A,71,NysAqu,23.18,23.22,23.25,23.39
1,A,77,NysAqu,44.44,44.62,44.85,44.91
1,A,85,NysAqu,29.87,29.87,29.87,29.87
1,A,87,NysAqu,40,40.1,40.2,40.32
1,A,95,NysAqu,41.15,41.2,41.28,41.38
1,A,1,TaxDis,17.22,17.3,17.5,17.73
1,A,2,TaxDis,6.2,6.49,6.64,6.84
1,A,3,TaxDis,15.3,15.61,15.68,15.78
1,A,4,TaxDis,22.73,22.8,22.88,22.88
1,A,5,TaxDis,15.35,15.35,15.35,15.35
1,A,6,TaxDis,8.18,8.2,8.25,8.3
1,A,7,TaxDis,28.52,28.7,29.09,29.24
1,A,8,TaxDis,18.7,18.7,18.7,18.7
1,A,10,TaxDis,25.4,25.75,25.8,26.1
1,A,11,TaxDis,16.1,16.21,16.35,16.45
1,A,15,TaxDis,40.08,40.3,40.6,41.08
1,A,16,TaxDis,19.55,19.63,19.63,19.63
1,A,18,TaxDis,56,56.39,56.64,56.92
1,A,21,TaxDis,18.51,18.64,18.8,18.9
1,A,22,TaxDis,34.07,34.4,34.78,35.12
1,A,23,TaxDis,19.65,19.7,19.78,19.8
1,A,24,TaxDis,28.3,28.3,28.3,28.35
1,A,26,TaxDis,19.85,19.85,19.88,20
1,A,27,TaxDis,20.17,20.2,20.35,20.5
1,A,30,TaxDis,28.1,28.57,28.8,29.2
1,A,32,TaxDis,22.95,23,23,23
1,A,33,TaxDis,34.38,34.62,34.97,35.29
1,A,34,TaxDis,24.3,24.58,24.79,25.01
1,A,35,TaxDis,22.78,23,23.19,23.38
1,A,36,TaxDis,21.95,22,22.12,22.3
1,A,37,TaxDis,19.13,19.13,19.17,19.29
1,A,42,TaxDis,16.07,16.17,17.22,16.4
1,A,45,TaxDis,39.9,40.44,40.67,41.04
1,A,47,TaxDis,17.18,17.18,17.18,17.18
1,A,55,TaxDis,24.41,24.6,24.78,24.92
1,A,56,TaxDis,17.1,17.31,17.79,18
1,A,57,TaxDis,17.4,17.4,17.4,17.4
1,A,58,TaxDis,42.82,43.22,43.55,43.78
1,A,64,TaxDis,24.22,24.48,24.62,24.7
1,A,65,TaxDis,18.51,18.51,18.51,18.51
1,A,66,TaxDis,29.75,30.15,30.39,30.5
1,A,75,TaxDis,11.01,11.05,11.05,11.05
1,A,76,TaxDis,27.81,27.86,27.92,28.18
1,A,79,TaxDis,14.65,14.75,14.85,14.98
1,A,80,TaxDis,25.48,25.56,25.8,26.1
1,A,81,TaxDis,15.98,16.18,16.28,16.38
1,A,84,TaxDis,19.72,20,20.2,20.3
1,A,86,TaxDis,21.89,22.15,22.37,22.59
1,A,93,TaxDis,32.52,32.71,32.75,32.9
1,A,94,TaxDis,33.75,34.33,34.5,34.7
1,A,96,TaxDis,37.69,38.04,38.04,38.04
1,A,97,TaxDis,41.18,41.18,41.52,42
1,A,99,TaxDis,22.94,22.94,22.94,22.98
1,A,100,TaxDis,28.49,28.75,29.11,29.32
1,B,115,AceRub,6.34,6.34,6.34,6.38
1,B,116,AceRub,6.22,6.51,6.69,6.81
1,B,120,AceRub,4.09,4.1,4.15,4.2
1,B,131,AceRub,5.45,5.6,5.72,5.79
1,B,141,AceRub,9,9.26,9.28,9.4
1,B,142,AceRub,7.85,8,8.05,8.08
1,B,143,AceRub,5.1,5.21,5.45,5.73
1,B,145,AceRub,6.11,6.14,6.16,6.18
1,B,147,AceRub,5.71,5.75,5.76,5.78
1,B,148,AceRub,4.05,4.35,4.45,4.69
1,B,155,AceRub,3.95,3.95,3.95,3.95
1,B,171,AceRub,18,18.11,18.13,18.16
1,B,172,AceRub,14.41,14.43,14.46,14.48
1,B,176,AceRub,3.9,4,4,4
1,B,177,AceRub,3.79,3.8,3.83,4
1,B,178,AceRub,8.98,8.98,8.98,9.03
1,B,181,AceRub,9.61,9.65,9.7,9.78
1,B,184,AceRub,5.49,5.49,5.65,5.87
1,B,185,AceRub,7.79,7.79,7.79,7.79
1,B,186,AceRub,5.35,5.5,5.68,6.02
1,B,187,AceRub,15.82,15.92,15.97,15.97
1,B,191,AceRub,9.9,10.08,10.34,10.62
1,B,192,AceRub,7.85,7.99,7.99,8.5
1,B,195,AceRub,7.25,7.3,7.32,7.35
1,B,199,AceRub,5.15,5.15,5.22,5.32
1,B,298,AceRub,8,8.2,8.23,8.3
1,B,439,AceRub,5.92,5.92,6,6.15
1,B,500,AceRub,4.75,4.75,4.75,4.8
1,B,101,FraCar,12.3,12.49,12.61,12.71
1,B,103,FraCar,4.3,4.48,4.5,4.62
1,B,104,FraCar,4.2,4.35,4.47,4.59
1,B,105,FraCar,4.54,4.72,4.9,5.11
1,B,106,FraCar,4.07,4.27,4.31,4.31
1,B,113,FraCar,4.25,4.27,4.29,4.3
1,B,127,FraCar,8.52,8.63,8.63,8.63
1,B,130,FraCar,14.12,14.3,14.49,14.62
1,B,137,FraCar,6.04,6.05,6.07,6.1
1,B,138,FraCar,6.3,6.42,6.6,6.79
1,B,173,FraCar,5.19,5.22,5.23,5.24
1,B,174,FraCar,6.45,6.52,6.6,6.69
1,B,175,FraCar,4.4,4.47,4.6,4.88
1,B,182,FraCar,4.25,4.36,4.42,4.43
1,B,133,FraPro,6.2,6.44,6.49,6.62
1,B,139,MorCer,10.48,10.6,10.62,10.65
1,B,150,MorCer,4.51,4.65,4.8,5
1,B,153,MorCer,5.35,5.55,5.7,5.7
1,B,197,NysAqu,36.5,36.67,36.74,36.85
1,B,303,NysAqu,38.14,39.3,39.55,39.92
1,B,304,NysAqu,38.7,39.14,39.38,39.83
1,B,308,NysAqu,31,31.5,31.67,31.98
1,B,438,NysAqu,29.77,30.19,30.4,31.01
1,B,190,SalNig,13.69,14.01,14.08,14.34
1,B,301,SalNig,6.22,6.36,6.38,6.4
1,B,102,TaxDis,47.49,47.8,48.37,49.08
1,B,107,TaxDis,6,6.05,6.05,6.05
1,B,108,TaxDis,16.08,16.16,16.18,16.25
1,B,110,TaxDis,21.8,22.26,22.85,23
1,B,111,TaxDis,16.41,16.58,16.61,16.81
1,B,112,TaxDis,12.82,12.96,13.19,13.29
1,B,114,TaxDis,24.13,24.45,25.02,25.2
1,B,129,TaxDis,13.69,13.88,13.98,14.12
1,B,132,TaxDis,12.92,12.99,13.1,13.1
1,B,134,TaxDis,17.78,18.14,18.31,18.5
1,B,135,TaxDis,15.12,15.48,15.62,15.81
1,B,136,TaxDis,14.84,15.12,15.27,15.35
1,B,140,TaxDis,16.75,17.11,17.3,17.64
1,B,144,TaxDis,19.52,19.6,19.65,19.7
1,B,151,TaxDis,18.86,19.09,19.15,19.32
1,B,152,TaxDis,31.23,31.85,32.38,32.69
1,B,157,TaxDis,10.83,10.83,10.84,10.85
1,B,158,TaxDis,27.15,27.47,27.91,28.1
1,B,159,TaxDis,9.89,9.9,9.92,9.94
1,B,161,TaxDis,7.9,7.9,7.93,7.97
1,B,162,TaxDis,27.39,27.7,28.3,28.53
1,B,163,TaxDis,11.75,11.95,12.1,12.3
1,B,164,TaxDis,25.39,26,26.65,26.77
1,B,165,TaxDis,22.8,23.1,23.45,23.68
1,B,166,TaxDis,18.25,18.39,18.61,18.96
1,B,167,TaxDis,20.25,20.45,20.69,20.89
1,B,168,TaxDis,7.4,7.5,7.6,7.68
1,B,169,TaxDis,6.1,6.1,6.12,6.15
1,B,170,TaxDis,55.45,55.75,55.79,55.87
1,B,179,TaxDis,10.27,10.54,10.69,10.72
1,B,180,TaxDis,28.23,28.82,29.13,29.36
1,B,183,TaxDis,16.92,17.1,17.25,17.3
1,B,188,TaxDis,51.18,51.71,51.81,52.37
1,B,193,TaxDis,35.9,36.2,36.54,36.99
1,B,194,TaxDis,35.81,36.28,36.5,36.72
1,B,196,TaxDis,18.87,19.26,19.59,19.92
1,B,198,TaxDis,10.79,11.08,11.28,11.65
1,B,200,TaxDis,18.65,18.82,19.23,19.78
1,B,289,TaxDis,35.12,35.66,36.1,36.55
1,B,299,TaxDis,12.1,12.22,12.35,12.55
1,B,300,TaxDis,26.25,26.77,27,27.16
1,B,302,TaxDis,11.17,11.43,11.79,12.1
1,B,305,TaxDis,14.29,14.45,14.83,15
1,B,306,TaxDis,30.19,30.8,31.41,31.91
1,B,307,TaxDis,25.14,25.52,25.98,26.48
2,A,239,AceRub,6.45,6.49,6.52,6.55
2,A,325,AceRub,8.43,8.46,8.5,8.52
2,A,118,NysAqu,31.4,31.45,31.5,31.57
2,A,119,NysAqu,49.12,49.49,49.62,49.91
2,A,122,NysAqu,33.49,33.7,33.85,34.01
2,A,126,NysAqu,22.17,22.42,22.7,22.73
2,A,236,NysAqu,11.52,11.6,11.6,11.6
2,A,237,NysAqu,11.51,11.65,11.72,11.78
2,A,238,NysAqu,8.45,8.7,8.89,9.05
2,A,240,NysAqu,28.19,28.38,28.7,28.88
2,A,241,NysAqu,10.02,10.02,10.02,10.02
2,A,248,NysAqu,5.95,5.95,6.2,6.48
2,A,249,NysAqu,19.2,19.2,19.2,19.2
2,A,251,NysAqu,17.3,17.4,17.5,17.65
2,A,252,NysAqu,13.18,13.23,13.28,13.34
2,A,253,NysAqu,60.41,60.7,60.89,60.95
2,A,254,NysAqu,13.73,13.73,13.73,13.73
2,A,255,NysAqu,25.39,25.57,25.63,26.01
2,A,256,NysAqu,39.71,40.03,40.41,40.98
2,A,257,NysAqu,21.84,22,22.1,22.18
2,A,258,NysAqu,10.22,10.48,10.49,10.5
2,A,290,NysAqu,21.73,21.8,21.85,21.9
2,A,291,NysAqu,11.02,11.1,11.1,11.09
2,A,292,NysAqu,8.24,8.24,8.24,8.25
2,A,293,NysAqu,6.6,6.6,6.6,6.6
2,A,294,NysAqu,11.68,11.75,11.82,11.9
2,A,295,NysAqu,13.4,13.4,13.45,13.5
2,A,296,NysAqu,50.3,50.3,50.3,50.3
2,A,297,NysAqu,45.35,45.45,45.55,45.72
2,A,309,NysAqu,42.08,42.35,42.72,42.82
2,A,310,NysAqu,27.42,27.44,27.49,27.56
2,A,311,NysAqu,10.08,10.08,10.25,10.35
2,A,312,NysAqu,16.02,16.05,16.11,16.21
2,A,313,NysAqu,30.9,31.29,31.78,32.2
2,A,314,NysAqu,16,16.04,16.18,16.37
2,A,315,NysAqu,43.93,44.15,44.57,44.83
2,A,316,NysAqu,21.25,21.28,21.29,21.31
2,A,317,NysAqu,10.76,10.86,10.88,10.91
2,A,318,NysAqu,7.61,7.99,8,8.09
2,A,321,NysAqu,5.2,5.34,5.46,5.83
2,A,322,NysAqu,10.38,10.48,10.62,10.84
2,A,323,NysAqu,7.91,8.09,8.12,8.16
2,A,326,NysAqu,27.48,27.5,27.6,27.7
2,A,327,NysAqu,15.3,15.38,15.5,15.65
2,A,328,NysAqu,7.89,8.01,8.04,8.08
2,A,401,NysAqu,5.77,5.78,5.79,5.8
2,A,402,NysAqu,15.75,15.76,15.77,15.79
2,A,403,NysAqu,35.92,36.1,36.1,36.1
2,A,404,NysAqu,7.82,7.82,7.83,7.84
2,A,405,NysAqu,17.8,17.84,17.87,17.89
2,A,406,NysAqu,13.52,13.54,13.56,13.58
2,A,408,NysAqu,17.5,17.55,17.64,17.69
2,A,409,NysAqu,17.42,17.46,17.5,17.65
2,A,496,NysAqu,16.3,16.4,16.45,16.52
2,A,497,NysAqu,12.2,12.25,12.27,12.31
2,A,498,NysAqu,27.17,27.21,27.48,27.81
2,A,499,NysAqu,36.63,36.85,36.96,37.33
2,A,117,TaxDis,20.21,20.41,20.5,20.64
2,A,128,TaxDis,43.78,44.35,44.49,44.81
2,A,234,TaxDis,52.15,52.68,52.68,52.7
2,A,235,TaxDis,53.44,53.44,55.45,54.55
2,A,250,TaxDis,6.01,6.17,6.25,6.31
2,A,266,TaxDis,65.9,66.05,66.35,66.72
2,A,407,TaxDis,3.74,3.74,3.78,3.92
2,B,226,AceRub,8.78,8.79,8.8,8.81
2,B,233,AceRub,5.48,5.5,5.57,5.58
2,B,245,AceRub,6.12,6.25,6.3,6.3
2,B,260,AceRub,5.78,5.82,5.88,5.98
2,B,261,AceRub,8,8.19,8.24,8.28
2,B,262,AceRub,4.98,5.1,5.3,5.54
2,B,263,AceRub,4.41,4.89,5.21,5.21
2,B,270,AceRub,4.4,4.4,4.41,4.45
2,B,271,AceRub,4.89,5,5,5.1
2,B,275,AceRub,4.91,4.92,4.98,5.25
2,B,279,AceRub,4.49,4.55,4.57,4.58
2,B,280,AceRub,5.13,5.28,5.52,5.9
2,B,332,AceRub,9.5,9.5,9.5,9.5
2,B,333,AceRub,4.56,4.58,4.59,4.6
2,B,334,AceRub,6.7,6.7,6.7,6.7
2,B,336,AceRub,5.28,5.33,5.37,5.48
2,B,219,NysAqu,55.09,55.19,55.29,55.38
2,B,220,NysAqu,22.41,22.73,22.85,23.1
2,B,221,NysAqu,14.79,15,15.06,15.13
2,B,222,NysAqu,12.1,12.22,12.22,12.23
2,B,223,NysAqu,26.49,26.59,26.67,26.95
2,B,225,NysAqu,10.88,10.96,10.97,10.98
2,B,227,NysAqu,14.7,14.88,14.98,15.03
2,B,230,NysAqu,17.09,17.15,17.19,17.26
2,B,243,NysAqu,12.95,13.06,13.11,13.11
2,B,244,NysAqu,15.7,15.7,15.7,15.7
2,B,247,NysAqu,15.15,15.15,15.15,15.15
2,B,259,NysAqu,27.59,27.95,28.01,28.21
2,B,265,NysAqu,23.39,23.42,23.51,23.75
2,B,267,NysAqu,45.62,45.72,45.81,45.9
2,B,269,NysAqu,47.65,47.66,47.79,48.23
2,B,272,NysAqu,14.2,14.53,14.65,14.75
2,B,273,NysAqu,14.98,15.23,15.3,15.6
2,B,274,NysAqu,20.2,20.52,20.55,21.07
2,B,276,NysAqu,11.14,11.17,11.2,11.2
2,B,277,NysAqu,34.39,34.69,34.76,35.12
2,B,278,NysAqu,24.71,24.81,24.92,25
2,B,329,NysAqu,31.59,32.35,32.43,32.95
2,B,330,NysAqu,14.5,14.66,14.7,14.75
2,B,337,NysAqu,18.91,19.04,19.1,19.1
2,B,338,NysAqu,15.81,16.22,16.28,16.46
2,B,339,NysAqu,28.19,28.43,28.65,28.93
2,B,340,NysAqu,8.33,8.34,8.35,8.41
2,B,341,NysAqu,6.2,6.31,6.32,6.41
2,B,343,NysAqu,39.7,40.08,40.37,40.8
2,B,344,NysAqu,8.91,9.25,9.45,9.49
2,B,346,NysAqu,33.91,34.15,34.21,34.59
2,B,483,NysAqu,30.55,30.56,30.58,30.89
2,B,484,NysAqu,19.9,19.9,19.92,19.95
2,B,485,NysAqu,13.2,13.2,13.2,13.2
2,B,486,NysAqu,11.08,11.2,11.2,11.2
2,B,489,NysAqu,8.38,8.38,8.38,8.38
2,B,490,NysAqu,28.48,28.6,28.78,29.1
2,B,491,NysAqu,30.5,30.73,30.99,31.23
2,B,492,NysAqu,10.62,10.63,10.64,10.65
2,B,493,NysAqu,26.88,27.15,27.35,27.5
2,B,494,NysAqu,4.89,4.9,4.93,4.98
2,B,495,NysAqu,18.6,18.64,18.67,18.79
2,B,224,TaxDis,41.6,42.3,42.65,42.88
2,B,231,TaxDis,21.38,21.39,22.41,21.52
2,B,232,TaxDis,30.62,31.22,31.59,31.71
2,B,246,TaxDis,37.9,37.9,37.9,37.9
2,B,264,TaxDis,22.2,22.44,22.52,22.52
2,B,331,TaxDis,21.59,21.7,21.97,22.55
2,B,335,TaxDis,45.11,45.22,45.49,45.73
2,B,342,TaxDis,48.99,49.1,49.18,49.28
2,B,487,TaxDis,21.55,21.55,21.6,21.7
3,A,817,AceRub,4.83,4.83,4.83,4.83
3,A,868,AceRub,11.29,11.3,11.32,11.34
3,A,357,NysAqu,19.9,20.24,20.4,20.51
3,A,382,NysAqu,5.5,5.5,5.5,5.5
3,A,384,NysAqu,25.75,25.75,25.75,25.75
3,A,385,NysAqu,9.28,9.28,9.28,9.29
3,A,387,NysAqu,9.57,9.57,9.57,9.57
3,A,388,NysAqu,7.29,7.31,7.35,7.35
3,A,389,NysAqu,20.92,20.97,21,21.04
3,A,390,NysAqu,15.85,15.88,15.9,15.93
3,A,391,NysAqu,15.14,15.14,15.14,15.14
3,A,393,NysAqu,10.04,10.11,10.21,10.31
3,A,394,NysAqu,18.51,18.6,18.63,18.73
3,A,444,NysAqu,25.72,26.01,26.18,26.54
3,A,446,NysAqu,7.91,8.03,8.03,8.04
3,A,447,NysAqu,18.68,18.96,19.05,19.15
3,A,449,NysAqu,14.83,14.85,14.89,15.08
3,A,450,NysAqu,46.3,46.42,46.45,46.85
3,A,451,NysAqu,28.38,28.52,28.8,29.29
3,A,452,NysAqu,35.05,35.18,35.23,35.45
3,A,453,NysAqu,19.5,19.55,19.6,19.6
3,A,455,NysAqu,21.49,21.54,21.56,21.59
3,A,457,NysAqu,46.95,47.08,47.32,46.89
3,A,458,NysAqu,27.28,27.39,27.7,28.11
3,A,459,NysAqu,20,20.1,20.3,20.48
3,A,460,NysAqu,18.89,18.89,18.89,19.18
3,A,461,NysAqu,20,20.1,20.3,20.7
3,A,462,NysAqu,16,16.1,16.42,16.71
3,A,809,NysAqu,25.49,25.6,25.85,25.97
3,A,811,NysAqu,32.22,32.28,32.37,32.52
3,A,814,NysAqu,9.91,9.91,9.91,9.92
3,A,815,NysAqu,16,16.07,16.13,16.18
3,A,816,NysAqu,27,27.37,27.41,27.48
3,A,818,NysAqu,4.91,4.91,4.91,4.91
3,A,867,NysAqu,22.39,22.42,22.54,22.7
3,A,882,NysAqu,7.8,7.85,7.88,7.91
3,A,883,NysAqu,24.09,24.09,24.09,24.09
3,A,884,NysAqu,7.01,7.01,7.01,7.01
3,A,885,NysAqu,14.15,14.15,14.15,14.15
3,A,886,NysAqu,11.08,11.1,11.12,11.14
3,A,890,NysAqu,13.51,13.61,13.7,13.77
3,A,891,NysAqu,31.55,31.61,31.75,31.89
3,A,892,NysAqu,7.35,7.51,7.47,7.57
3,A,893,NysAqu,16.82,16.82,16.82,16.82
3,A,895,NysAqu,14.3,14.24,14.38,14.42
3,A,897,NysAqu,21.7,22.02,22.05,22.09
3,A,899,NysAqu,15.92,16,16.1,16.11
3,A,900,NysAqu,23.25,23.25,23.35,23.45
3,A,109,TaxDis,5.72,5.89,5.9,6
3,A,383,TaxDis,51.82,52.18,52.3,52.49
3,A,386,TaxDis,8.48,8.58,8.68,8.68
3,A,392,TaxDis,12.95,13.08,13.08,13.09
3,A,395,TaxDis,18.2,18.2,18.21,18.22
3,A,396,TaxDis,11.12,11.12,11.12,11.12
3,A,397,TaxDis,40.91,41.12,41.2,41.31
3,A,445,TaxDis,30.25,30.69,30.89,31.45
3,A,454,TaxDis,18.83,19.03,19.12,19.75
3,A,456,TaxDis,28.1,28.28,28.65,29.11
3,A,810,TaxDis,24.88,25.2,25.38,25.59
3,A,812,TaxDis,16,16.15,16.38,16.68
3,A,813,TaxDis,43.88,44.34,44.49,44.6
3,A,819,TaxDis,63.05,63.43,63.52,63.69
3,A,887,TaxDis,7,7.17,7.63,6.99
3,A,888,TaxDis,7.06,7.3,7.61,7.83
3,A,894,TaxDis,50.75,50.77,50.78,50.8
3,A,896,TaxDis,45.6,46.08,46.41,46.66
3,A,898,TaxDis,9.69,9.71,9.99,10.52
3,B,201,AceRub,5.29,5.35,5.4,5.53
3,B,479,AceRub,6.2,6.2,6.2,6.25
3,B,480,AceRub,4.73,4.81,4.83,4.98
3,B,481,AceRub,6.58,6.59,6.6,6.65
3,B,482,AceRub,5.48,5.55,5.5,5.65
3,B,202,NysAqu,6.65,6.68,6.7,6.75
3,B,204,NysAqu,32.2,32.28,32.35,32.43
3,B,205,NysAqu,9.05,9.07,9.08,9.1
3,B,206,NysAqu,45.53,45.59,45.7,45.78
3,B,207,NysAqu,5.28,5.4,5.42,5.46
3,B,208,NysAqu,15.12,15.2,15.29,15.37
3,B,209,NysAqu,18.81,19.08,19.2,19.36
3,B,210,NysAqu,16.89,17.05,17.1,17.19
3,B,211,NysAqu,41.48,41.7,41.81,42
3,B,212,NysAqu,24.52,24.75,25.02,24.5
3,B,213,NysAqu,6.55,6.91,7.1,7.43
3,B,214,NysAqu,13.71,13.98,14.2,14.39
3,B,215,NysAqu,17.18,17.51,18.04,18.18
3,B,216,NysAqu,8.91,9.11,9.11,9.14
3,B,217,NysAqu,24.92,24.97,25.2,25.48
3,B,218,NysAqu,30.3,30.41,30.42,30.57
3,B,228,NysAqu,3.7,3.7,3.7,3.72
3,B,229,NysAqu,4.1,4.13,4.28,4.49
3,B,282,NysAqu,20.63,21.21,21.53,21.77
3,B,283,NysAqu,25.2,25.65,25.9,25.98
3,B,284,NysAqu,17.82,18.03,18.3,18.7
3,B,285,NysAqu,28.66,29.11,29.18,30.08
3,B,286,NysAqu,17.08,17.12,17.18,17.32
3,B,287,NysAqu,13,13.05,13.23,13.28
3,B,288,NysAqu,20.22,20.65,20.71,20.85
3,B,347,NysAqu,10.7,10.75,10.77,10.79
3,B,350,NysAqu,11.68,11.9,12.01,12.08
3,B,356,NysAqu,14.71,14.88,15.89,14.92
3,B,359,NysAqu,34.56,34.85,34.9,34.99
3,B,360,NysAqu,15.18,15.18,15.18,15.18
3,B,361,NysAqu,31,31.05,31.15,31.3
3,B,362,NysAqu,6.33,6.33,6.33,6.34
3,B,363,NysAqu,7,7,7,7
3,B,364,NysAqu,24.44,24.95,25.15,25.28
3,B,365,NysAqu,19.54,19.7,19.8,19.9
3,B,366,NysAqu,45.15,45.2,45.38,45.55
3,B,367,NysAqu,10.83,11.05,10.8,10.99
3,B,368,NysAqu,5.95,6.06,6.1,6.19
3,B,369,NysAqu,7.4,7.8,7.85,7.93
3,B,370,NysAqu,16.19,16.63,16.65,16.7
3,B,371,NysAqu,30.98,31.35,31.4,31.62
3,B,372,NysAqu,5.48,5.48,5.51,5.55
3,B,373,NysAqu,17.18,17.55,17.55,17.55
3,B,374,NysAqu,8.7,8.84,9.4,8.96
3,B,375,NysAqu,14.8,14.96,15.1,15.16
3,B,376,NysAqu,7.01,7.1,7.06,7.19
3,B,377,NysAqu,13.09,13.24,13.38,13.5
3,B,378,NysAqu,36.54,36.7,36.8,36.95
3,B,379,NysAqu,20.14,20.54,20.92,21.3
3,B,380,NysAqu,22.79,23.23,22.58,23
3,B,381,NysAqu,25.3,25.52,25.77,25.95
3,B,400,NysAqu,5.98,5.98,6.05,6.15
3,B,463,NysAqu,9.1,9.1,9.1,9.1
3,B,464,NysAqu,12.38,12.48,12.58,12.68
3,B,465,NysAqu,11.31,11.35,11.45,11.6
3,B,466,NysAqu,25.16,25.4,25.89,25.98
3,B,467,NysAqu,17.9,18.18,18.18,18.19
3,B,468,NysAqu,14.66,15.05,15.1,15.15
3,B,469,NysAqu,26.02,26.38,27.09,27.19
3,B,470,NysAqu,15.51,15.63,15.69,15.75
3,B,471,NysAqu,7.6,7.6,7.6,7.6
3,B,472,NysAqu,8,8,8,8
3,B,473,NysAqu,14.6,14.82,14.85,14.89
3,B,474,NysAqu,20.9,21.07,21.12,21.21
3,B,475,NysAqu,15.62,15.82,16,16.05
3,B,476,NysAqu,25.58,25.79,25.85,26.1
3,B,477,NysAqu,4.9,5.18,5.2,5.21
3,B,478,NysAqu,21.55,21.6,21.9,22.32
3,B,203,TaxDis,66.25,66.65,67.01,67.48
3,B,281,TaxDis,23.7,24.31,24.72,24.9
3,B,410,TaxDis,40.91,41.38,40.77,41.98
4,A,675,AceRub,11,11,11,11
4,A,678,AceRub,7.8,7.85,8,8.05
4,A,680,AceRub,7.68,7.68,7.7,7.71
4,A,681,AceRub,14.5,14.55,14.58,14.61
4,A,685,AceRub,7.29,7.29,7.39,7.6
4,A,686,AceRub,4.24,5.2,5.3,5.78
4,A,687,AceRub,5.88,5.89,6.05,6.36
4,A,872,AceRub,9.42,9.43,9.45,9.51
4,A,873,AceRub,7.61,7.63,7.68,7.78
4,A,876,AceRub,7.92,8.01,8.02,8.09
4,A,880,AceRub,21.2,21.2,21.2,21.21
4,A,881,AceRub,9.6,9.62,9.64,9.66
4,A,682,NysAqu,21.41,21.73,21.8,21.95
4,A,683,NysAqu,36.14,36.37,36.5,36.9
4,A,807,NysAqu,37.77,37.77,37.77,37.77
4,A,808,NysAqu,27.99,28.23,28.38,28.68
4,A,820,NysAqu,34.34,34.4,34.5,34.66
4,A,821,NysAqu,30.3,30.36,30.39,30.43
4,A,828,NysAqu,44.09,44.26,44.49,43.92
4,A,834,NysAqu,36.34,36.62,36.81,37.29
4,A,843,NysAqu,46.2,46.41,46.61,46.92
4,A,869,NysAqu,38.72,38.77,38.82,38.9
4,A,875,NysAqu,29.86,30.08,30.2,30.49
4,A,443,TaxDis,10.5,10.89,11.19,11.52
4,A,676,TaxDis,35.72,35.78,36.25,36.41
4,A,677,TaxDis,56.91,57.17,57.2,57.5
4,A,679,TaxDis,30.78,30.92,30.95,31.14
4,A,688,TaxDis,37.2,37.2,37.48,37.65
4,A,689,TaxDis,39.81,39.95,40,40.05
4,A,692,TaxDis,48.58,49.18,49.37,49.5
4,A,801,TaxDis,18.77,19.22,19.52,19.69
4,A,804,TaxDis,12.49,12.85,13,13.24
4,A,805,TaxDis,17.48,17.91,18.04,18.34
4,A,835,TaxDis,12.25,12.45,12.7,13.15
4,A,840,TaxDis,49.17,49.75,50.27,50.45
4,A,842,TaxDis,37.75,38.34,38.82,38.95
4,A,870,TaxDis,19.6,19.64,19.91,20
4,A,871,TaxDis,15.55,15.69,15.92,16.2
4,A,874,TaxDis,72.16,72.88,73.1,73.32
4,A,877,TaxDis,14.71,15.27,15.37,15.57
4,A,878,TaxDis,21.95,22.55,22.8,22.91
4,A,879,TaxDis,32.54,33.2,33.4,33.82
4,B,696,AceRub,3.51,3.51,3.51,3.51
4,B,803,AceRub,4.89,4.89,4.89,5
4,B,806,AceRub,4.48,4.48,4.48,4.48
4,B,850,AceRub,4.95,5.26,6.41,5.68
4,B,852,AceRub,5.45,5.5,5.6,5.85
4,B,863,FraCar,7.91,7.91,7.91,8
4,B,605,FraPro,13.94,13.98,13.99,14.01
4,B,411,NysAqu,35.5,35.5,35.5,35.5
4,B,430,NysAqu,12.51,12.87,12.87,12.88
4,B,431,NysAqu,31.62,31.72,31.78,31.89
4,B,432,NysAqu,23.22,23.74,23.76,23.8
4,B,434,NysAqu,36.86,37,37.05,37.13
4,B,435,NysAqu,12.79,12.85,12.9,12.97
4,B,436,NysAqu,24.5,24.6,24.67,24.75
4,B,440,NysAqu,12.82,12.82,12.82,12.9
4,B,441,NysAqu,13.33,13.41,13.66,13.8
4,B,442,NysAqu,30.65,30.82,31.02,31.35
4,B,601,NysAqu,38.08,38.08,38.18,38.25
4,B,602,NysAqu,39.8,40.1,40.18,40.29
4,B,606,NysAqu,32.33,32.4,32.5,32.68
4,B,607,NysAqu,12.4,12.4,12.4,12.41
4,B,608,NysAqu,21.65,21.73,21.82,21.91
4,B,610,NysAqu,11.72,11.8,11.9,12.1
4,B,611,NysAqu,24.9,25.02,25.06,25.08
4,B,612,NysAqu,31.08,31.16,31.26,31.52
4,B,684,NysAqu,14.54,14.6,14.65,14.75
4,B,693,NysAqu,22.53,22.83,23.1,23.3
4,B,694,NysAqu,16.39,16.45,16.5,16.5
4,B,695,NysAqu,36.4,36.63,36.72,36.97
4,B,697,NysAqu,18.03,18.15,18.32,18.38
4,B,698,NysAqu,13.23,13.35,13.41,13.49
4,B,699,NysAqu,20.2,20.25,20.33,20.41
4,B,700,NysAqu,36.45,36.75,37.1,37.92
4,B,829,NysAqu,9.5,9.5,9.54,9.62
4,B,830,NysAqu,32.75,32.75,32.75,33.1
4,B,831,NysAqu,17.83,17.88,17.88,17.95
4,B,832,NysAqu,37.61,37.64,37.74,37.84
4,B,833,NysAqu,18.4,18.4,18.41,18.42
4,B,841,NysAqu,38,38.12,38.5,38.8
4,B,851,NysAqu,22.41,22.51,22.62,22.81
4,B,854,NysAqu,18.46,18.46,18.46,18.47
4,B,859,NysAqu,15.65,15.75,15.8,15.85
4,B,861,NysAqu,32.18,32.41,32.7,33
4,B,862,NysAqu,30.35,30.5,30.82,31.45
4,B,864,NysAqu,40.12,40.16,40.45,40.64
4,B,865,NysAqu,41.61,41.63,41.7,41.8
4,B,603,NysSyl,29.68,29.9,30,30.1
4,B,802,NysSyl,39.92,40.16,40.38,40.51
4,B,855,NysSyl,6.23,6.3,6.4,6.5
4,B,856,NysSyl,5,5.12,5.12,5.15
4,B,858,NysSyl,8.51,8.55,8.7,8.88
4,B,860,NysSyl,5.69,5.72,5.75,5.83
4,B,437,TaxDis,65.2,65.39,66.55,67.05
4,B,604,TaxDis,48.2,48.68,49.44,49.78
4,B,857,TaxDis,44.32,44.75,45.2,45.3
5,A,580,AceRub,8.23,8.4,8.44,8.48
5,A,586,AceRub,4.13,4.13,4.13,4.13
5,A,587,AceRub,4.26,4.27,4.29,4.33
5,A,599,AceRub,4.79,4.85,4.88,4.9
5,A,600,AceRub,10.75,10.75,10.75,10.75
5,A,979,AceRub,7.6,7.6,7.6,7.6
5,A,985,AceRub,6.3,6.32,6.4,6.89
5,A,590,NysAqu,31.63,31.63,31.63,31.63
5,A,593,NysAqu,25.91,26.15,26.39,26.72
5,A,594,NysAqu,39.72,39.81,40.01,40.17
5,A,595,NysAqu,33.21,33.27,33.3,34.32
5,A,598,NysAqu,39.07,39.1,39.14,39.21
5,A,734,NysAqu,21.65,21.65,21.65,21.65
5,A,742,NysAqu,45.45,45.52,45.6,46
5,A,746,NysAqu,35.14,35.14,35.17,35.21
5,A,980,NysAqu,41.31,41.31,41.31,41.32
5,A,982,NysAqu,34.21,34.61,35.15,35.8
5,A,996,NysAqu,37.4,37.77,38.04,38.4
5,A,418,TaxDis,24.5,24.78,24.88,25
5,A,570,TaxDis,13.62,13.7,13.8,13.9
5,A,571,TaxDis,39.41,39.69,39.89,40
5,A,573,TaxDis,21.99,22,22.05,22.1
5,A,575,TaxDis,26.15,26.22,26.3,26.4
5,A,576,TaxDis,44.02,44.2,44.39,44.49
5,A,578,TaxDis,37.47,38.11,38.55,38.6
5,A,581,TaxDis,83.28,83.38,83.62,83.78
5,A,588,TaxDis,15.78,15.85,15.88,15.95
5,A,589,TaxDis,26.2,26.25,26.35,26.45
5,A,591,TaxDis,17.39,17.42,17.47,17.5
5,A,592,TaxDis,24.82,25.2,25.48,25.54
5,A,597,TaxDis,37.69,38.48,38.8,39.2
5,A,732,TaxDis,51.3,51.5,51.8,52.21
5,A,733,TaxDis,24.54,24.56,24.6,24.62
5,A,738,TaxDis,49.9,49.9,50.11,50.31
5,A,739,TaxDis,68.08,68.15,68.23,68.49
5,A,740,TaxDis,4.6,4.6,4.6,4.6
5,A,741,TaxDis,15.64,15.65,15.67,15.7
5,A,743,TaxDis,15.2,15.2,15.2,15.2
5,A,744,TaxDis,10.36,10.36,10.36,10.4
5,A,745,TaxDis,18.13,18.35,18.61,19.01
5,A,747,TaxDis,21.88,22,22.06,22.11
5,A,748,TaxDis,20.39,20.42,20.45,20.49
5,A,749,TaxDis,49.32,49.42,49.45,49.51
5,A,971,TaxDis,20.19,20.19,20.19,20.2
5,A,977,TaxDis,20,20.05,21.21,20.35
5,A,981,TaxDis,19.19,19.48,19.6,19.88
5,A,983,TaxDis,22.65,22.7,22.75,22.8
5,A,987,TaxDis,16.85,16.85,16.87,16.89
5,A,988,TaxDis,21.6,20.7,20.7,20.7
5,A,989,TaxDis,59.97,59.97,59.97,59.98
5,B,757,AceRub,12.54,12.56,12.59,12.63
5,B,758,AceRub,17.54,17.65,17.65,17.65
5,B,760,AceRub,21.27,21.27,21.27,21.28
5,B,761,AceRub,12.5,12.58,12.6,12.69
5,B,762,AceRub,5.38,5.38,5.4,5.46
5,B,962,AceRub,5.95,6.02,6.05,6.1
5,B,964,AceRub,9.07,9.22,9.31,9.41
5,B,975,AceRub,3.71,3.71,5.75,5.81
5,B,994,AceRub,4.29,4.35,4.62,4.7
5,B,773,FraCar,27.95,28.03,28.15,28.3
5,B,569,NysAqu,20.4,20.75,20.6,20.94
5,B,752,NysAqu,18.2,18.25,18.28,18.37
5,B,753,NysAqu,20.08,20.23,20.27,20.3
5,B,764,NysAqu,41.9,41.9,41.93,41.96
5,B,766,NysAqu,24.91,25.15,25.3,25.45
5,B,768,NysAqu,8.35,8.58,8.78,9.19
5,B,774,NysAqu,33.31,33.53,33.6,33.7
5,B,775,NysAqu,38.09,38.22,38.53,38.6
5,B,789,NysAqu,28.12,28.15,28.18,28.2
5,B,797,NysAqu,45.21,45.25,45.3,45.62
5,B,953,NysAqu,37.23,37.48,38.05,38.15
5,B,968,NysAqu,25.38,25.42,25.45,25.51
5,B,972,NysAqu,43.76,43.9,44.22,44.6
5,B,974,NysAqu,28.78,29.08,29.27,29.4
5,B,572,TaxDis,18.79,19.01,19.21,19.35
5,B,577,TaxDis,18.3,18.4,18.5,18.56
5,B,579,TaxDis,23.19,23.19,23.19,23.19
5,B,583,TaxDis,16.6,16.73,16.76,16.89
5,B,584,TaxDis,56.22,56.32,56.45,56.75
5,B,585,TaxDis,15.1,15.12,15.14,15.22
5,B,750,TaxDis,10.4,10.4,10.4,10.4
5,B,751,TaxDis,50.1,50.18,50.35,50.52
5,B,754,TaxDis,10.72,10.72,10.73,10.74
5,B,755,TaxDis,13.2,13.35,13.4,13.44
5,B,756,TaxDis,9.36,9.46,9.51,9.68
5,B,759,TaxDis,71.95,72.89,73.03,73.89
5,B,765,TaxDis,23.04,23.04,23.04,23.04
5,B,767,TaxDis,20.55,20.7,20.85,21
5,B,769,TaxDis,5.5,5.52,5.53,5.7
5,B,770,TaxDis,52.62,52.65,52.94,53.55
5,B,771,TaxDis,23.7,23.74,23.8,23.8
5,B,776,TaxDis,11.38,11.38,11.38,11.39
5,B,791,TaxDis,18.05,18.18,18.18,18.18
5,B,792,TaxDis,22.55,22.58,22.72,22.74
5,B,793,TaxDis,52.35,52.6,52.77,52.89
5,B,794,TaxDis,23.7,23.7,23.7,23.7
5,B,795,TaxDis,53.45,53.7,54,54.28
5,B,796,TaxDis,41.7,42.1,42.29,42.45
5,B,798,TaxDis,16.9,16.95,16.96,17.01
5,B,799,TaxDis,42.28,43.19,43.45,43.91
5,B,800,TaxDis,13.01,13.09,13.1,13.2
5,B,959,TaxDis,23.93,23.98,24.05,24.2
5,B,963,TaxDis,10.6,10.6,10.6,10.6
5,B,965,TaxDis,13.39,13.52,13.71,13.8
5,B,966,TaxDis,6.7,6.93,6.98,7.15
5,B,967,TaxDis,26.02,26.35,26.61,26.8
5,B,969,TaxDis,9,9,9.05,9.1
5,B,973,TaxDis,16.3,16.39,16.4,16.45
5,B,978,TaxDis,53.28,53.32,53.37,53.42
5,B,582,TriSeb,8.19,8.2,8.22,8.36
6,A,517,AceRub,8.22,8.22,8.22,8.22
6,A,554,AceRub,4.25,4.25,4.27,4.3
6,A,844,AceRub,11.83,11.98,11.99,12
6,A,845,AceRub,6.2,6.29,6.4,6.55
6,A,846,AceRub,3.91,4,4,4.08
6,A,556,NysAqu,12.98,12.99,13,13.11
6,A,613,NysAqu,29.2,29.29,29.48,29.6
6,A,614,NysAqu,42.71,42.71,43,43.46
6,A,621,NysAqu,36.45,36.5,36.52,36.56
6,A,673,NysAqu,12.43,12.43,12.43,12.43
6,A,919,NysAqu,14.59,14.6,14.95,15.4
6,A,920,NysAqu,33.92,34.23,34.34,34.49
6,A,921,NysAqu,28.7,28.7,28.7,28.7
6,A,922,NysAqu,40.8,41.1,41.11,41.19
6,A,924,NysAqu,28.33,28.61,28.95,29.14
6,A,925,NysAqu,15.73,15.73,15.73,15.73
6,A,514,TaxDis,34.3,34.64,34.84,35
6,A,515,TaxDis,37.88,38,38.17,38.2
6,A,516,TaxDis,38.97,39.09,39.4,39.8
6,A,518,TaxDis,63.13,63.34,63.48,63.65
6,A,519,TaxDis,32.4,32.9,33.2,33.58
6,A,520,TaxDis,11.49,11.6,11.8,12.1
6,A,521,TaxDis,12.05,12.21,12.31,12.5
6,A,522,TaxDis,67.4,67.7,67.98,68
6,A,523,TaxDis,14.21,14.33,14.35,14.39
6,A,550,TaxDis,44.37,44.4,44.7,45.07
6,A,551,TaxDis,48.2,48.3,48.42,48.85
6,A,552,TaxDis,56.52,56.82,57,57.45
6,A,553,TaxDis,11.28,11.51,11.91,12.21
6,A,555,TaxDis,38.68,39.2,39.5,39.5
6,A,674,TaxDis,70.85,71.55,71.57,71.6
6,A,917,TaxDis,17.56,17.6,17.65,17.75
6,A,918,TaxDis,24.5,25.55,26,26.18
6,A,923,TaxDis,14.71,15,15.09,15.1
6,B,503,AceRub,6.81,6.98,7.08,7.2
6,B,504,AceRub,4.3,4.38,4.38,4.4
6,B,510,AceRub,5.53,5.7,5.7,5.89
6,B,513,AceRub,18.03,18.12,18.22,18.22
6,B,540,AceRub,6.7,6.8,6.8,6.83
6,B,541,AceRub,6.14,6.15,6.16,6.2
6,B,546,AceRub,4.88,5.18,5.19,5.2
6,B,547,AceRub,4.86,5.02,5.1,5.15
6,B,548,AceRub,6.79,6.84,6.86,6.89
6,B,549,AceRub,5,5.1,5.15,5.15
6,B,906,AceRub,5.95,5.95,6,6
6,B,909,AceRub,7.84,7.94,8.1,8.15
6,B,910,AceRub,4.99,5.2,5.41,5.62
6,B,914,AceRub,4.41,4.45,4.51,4.51
6,B,488,NysAqu,40.29,40.33,40.41,40.62
6,B,502,NysAqu,29.68,29.7,29.8,30.3
6,B,506,NysAqu,9.24,9.33,9.39,9.81
6,B,508,NysAqu,32,32.1,32.1,32.41
6,B,509,NysAqu,27.21,27.28,27.3,27.35
6,B,511,NysAqu,31.78,32.24,32.34,32.4
6,B,543,NysAqu,26.73,26.73,26.73,26.73
6,B,545,NysAqu,10.57,10.62,10.68,10.75
6,B,615,NysAqu,29.21,29.24,29.28,29.34
6,B,616,NysAqu,34.72,35,35.1,35.1
6,B,618,NysAqu,13.71,13.8,14.01,14.9
6,B,619,NysAqu,37.1,37.25,37.35,37.5
6,B,620,NysAqu,16.24,16.24,16.24,16.24
6,B,622,NysAqu,38.38,38.42,38.48,38.55
6,B,623,NysAqu,36.12,36.15,36.18,36.23
6,B,901,NysAqu,48.68,48.78,48.88,49.22
6,B,902,NysAqu,12.03,12.11,11.5,11.99
6,B,904,NysAqu,33.21,33.41,33.53,33.8
6,B,908,NysAqu,26,26,26.12,26.13
6,B,911,NysAqu,20.05,20.18,20.24,20.32
6,B,912,NysAqu,33,33.12,33.2,33.34
6,B,501,TaxDis,66.95,67.33,67.48,68.5
6,B,505,TaxDis,41.87,42,42.2,42.45
6,B,507,TaxDis,25.15,25.15,25.18,25.21
6,B,512,TaxDis,28.11,28.57,29,29
6,B,542,TaxDis,51,51.02,51.09,51.38
6,B,544,TaxDis,56.78,57.1,58.39,57.5
6,B,617,TaxDis,85.21,85.5,85.75,85.85
6,B,905,TaxDis,31.96,32.38,32.71,33.04
6,B,907,TaxDis,53.15,53.25,53.98,54.12
6,B,913,TaxDis,49.7,50.15,50.3,50.68
7,A,398,AceRub,5.38,5.4,5.49,5.6
7,A,399,AceRub,4.9,5.09,5.24,5.4
7,A,524,AceRub,5.2,5.28,5.49,5.62
7,A,526,AceRub,9.48,9.65,9.7,9.73
7,A,527,AceRub,7.64,7.65,7.66,7.7
7,A,528,AceRub,10.37,10.37,10.37,10.37
7,A,530,AceRub,7.68,7.69,7.75,7.81
7,A,531,AceRub,4.4,4.43,4.6,4.6
7,A,532,AceRub,9.18,9.18,9.18,9.18
7,A,533,AceRub,5.64,5.65,5.7,5.8
7,A,534,AceRub,8.07,8.13,8.18,8.2
7,A,535,AceRub,5.84,5.84,5.84,5.84
7,A,536,AceRub,6.41,6.51,6.55,6.61
7,A,538,AceRub,14.6,15.08,15.28,15.3
7,A,557,AceRub,5.47,5.47,5.48,5.5
7,A,563,AceRub,8.63,8.64,8.71,8.88
7,A,564,AceRub,6.39,6.4,6.45,6.48
7,A,565,AceRub,4.24,4.3,4.42,4.51
7,A,566,AceRub,6.42,7.55,6.8,7.05
7,A,638,AceRub,6.72,6.73,6.75,6.81
7,A,640,AceRub,7.14,7.14,7.14,7.18
7,A,645,AceRub,7.35,7.42,7.46,7.52
7,A,646,AceRub,5.51,5.57,5.58,5.6
7,A,648,AceRub,3.82,3.9,3.94,3.98
7,A,649,AceRub,7.12,7.29,7.37,7.44
7,A,650,AceRub,6.68,7.3,7.6,7.85
7,A,651,AceRub,9.82,9.92,10,10.05
7,A,652,AceRub,13.99,15.2,15.34,15.49
7,A,653,AceRub,14.28,14.38,14.5,14.62
7,A,691,AceRub,6.78,6.79,6.8,7
7,A,701,AceRub,7.07,7.08,7.09,7.09
7,A,702,AceRub,5.19,5.21,5.29,5.29
7,A,703,AceRub,6.32,6.45,6.55,6.59
7,A,704,AceRub,6.04,6.3,6.26,6.31
7,A,823,AceRub,4.74,6.14,4.79,4.81
7,A,839,AceRub,5.01,5.03,5.05,5.07
7,A,926,AceRub,4.72,4.97,5.21,5.5
7,A,930,AceRub,9.35,9.4,9.45,9.54
7,A,933,AceRub,5.94,6,6.05,6.1
7,A,935,AceRub,5.4,5.42,5.42,5.42
7,A,936,AceRub,10.69,10.7,10.72,10.75
7,A,937,AceRub,7.29,7.33,7.33,7.39
7,A,938,AceRub,8.88,8.92,9,9.02
7,A,940,AceRub,14.89,14.91,15,15.08
7,A,942,AceRub,9.4,9.78,10,10.22
7,A,943,AceRub,6.81,6.87,6.95,7.1
7,A,944,AceRub,7.8,7.88,8.01,8.05
7,A,946,AceRub,8.58,8.58,8.58,8.7
7,A,947,AceRub,4.3,4.3,4.3,4.3
7,A,948,AceRub,6.3,6.42,6.45,6.47
7,A,949,AceRub,4.19,4.28,4.34,4.42
7,A,950,AceRub,7.38,7.4,7.45,7.5
7,A,1000,AceRub,4.59,4.59,4.59,4.59
7,A,568,CepOcc,5,5,5,5
7,A,927,CepOcc,7.84,8.1,8.2,8.4
7,A,824,FraCar,5.69,5.72,5.91,6
7,A,559,MorCer,6.12,6.6,6.82,7.15
7,A,558,NysAqu,9.01,9.2,9.35,9.5
7,A,561,NysAqu,23.22,23.29,23.43,23.75
7,A,641,NysAqu,30.68,31.2,31.41,31.72
7,A,654,NysAqu,39.19,39.25,39.3,39.38
7,A,826,NysAqu,14.38,14.66,14.71,14.8
7,A,945,NysAqu,37.7,37.8,38.18,38.4
7,A,525,TaxDis,35.47,35.85,36.39,36.85
7,A,529,TaxDis,4.2,4.5,4.8,5.1
7,A,537,TaxDis,54.97,55.6,55.89,56
7,A,560,TaxDis,57.89,58.35,58.81,59
7,A,562,TaxDis,32.6,32.7,32.85,33.1
7,A,567,TaxDis,15.11,15.56,15.72,16.2
7,A,642,TaxDis,20.49,20.92,21.34,21.42
7,A,643,TaxDis,53.73,54.47,54.57,54.76
7,A,644,TaxDis,59.68,60.04,60.39,60.59
7,A,647,TaxDis,38.27,38.78,38.98,39.29
7,A,928,TaxDis,37.45,37.52,37.59,37.71
7,A,929,TaxDis,21.33,21.5,21.5,21.6
7,A,931,TaxDis,44.86,45.93,46.5,46.78
7,A,932,TaxDis,30.61,31.02,31.26,31.5
7,A,934,TaxDis,48.78,48.95,49.41,50.02
7,A,941,TaxDis,36.28,36.38,36.48,36.79
7,A,951,TaxDis,45.28,46.01,46.52,47.12
7,B,412,AceRub,4.06,4.31,4.32,4.39
7,B,413,AceRub,5.11,5.15,5.2,5.2
7,B,414,AceRub,5.61,5.73,6,6.09
7,B,417,AceRub,8.49,8.51,8.6,8.7
7,B,421,AceRub,4.09,4.11,4.2,4.3
7,B,423,AceRub,4.57,4.6,4.6,4.6
7,B,429,AceRub,4.44,4.54,4.64,4.75
7,B,624,AceRub,6.27,6.28,6.35,6.41
7,B,626,AceRub,10,10,10.04,10.08
7,B,627,AceRub,4.71,4.82,4.89,4.89
7,B,628,AceRub,7.13,7.15,7.17,7.2
7,B,629,AceRub,5.5,5.59,5.59,5.59
7,B,635,AceRub,3.7,3.7,3.7,3.72
7,B,636,AceRub,5.16,5.18,5.22,5.25
7,B,637,AceRub,7.25,7.35,7.48,7.69
7,B,639,AceRub,5.81,6.11,6.12,6.18
7,B,659,AceRub,4.28,4.35,4.44,4.5
7,B,661,AceRub,10.46,10.46,10.46,10.68
7,B,665,AceRub,3.26,3.31,3.36,3.41
7,B,667,AceRub,3.98,4,4,4.02
7,B,668,AceRub,7.19,7.19,7.2,7.34
7,B,669,AceRub,5.89,5.89,5.89,5.91
7,B,706,AceRub,6.27,6.45,6.5,6.7
7,B,708,AceRub,10,10.02,10.05,10.08
7,B,709,AceRub,4.32,4.32,4.32,4.38
7,B,711,AceRub,6.48,6.5,6.7,6.8
7,B,712,AceRub,5.38,5.52,5.55,5.71
7,B,713,AceRub,6.2,6.21,6.21,6.26
7,B,715,AceRub,8.5,8.5,8.5,8.5
7,B,716,AceRub,4.08,4.1,4.1,4.1
7,B,717,AceRub,4.13,4.24,4.32,4.8
7,B,718,AceRub,5.35,5.39,5.39,5.39
7,B,721,AceRub,4.88,4.91,5,5
7,B,731,AceRub,4.28,4.3,4.3,4.62
7,B,847,AceRub,6.68,6.68,6.68,6.91
7,B,848,AceRub,4.3,4.3,4.3,4.48
7,B,849,AceRub,9.69,9.83,9.94,10.09
7,B,986,AceRub,3.75,3.75,3.75,3.75
7,B,990,AceRub,4.09,4.43,4.44,4.5
7,B,991,AceRub,3.81,3.89,3.9,3.94
7,B,997,AceRub,7.47,7.47,7.47,7.48
7,B,998,AceRub,6.1,6.19,6.25,6.28
7,B,999,AceRub,4.91,4.95,5,5.11
7,B,416,NysAqu,56.6,57.38,57.51,57.6
7,B,424,NysAqu,25.28,25.71,25.71,26.1
7,B,425,NysAqu,18.91,19.09,19.1,19.1
7,B,426,NysAqu,17.94,18,18.2,18.2
7,B,428,NysAqu,36.25,36.7,37,37.39
7,B,625,NysAqu,15.56,15.6,15.68,15.7
7,B,630,NysAqu,9.53,9.53,9.54,9.55
7,B,632,NysAqu,20.9,20.9,20.94,20.98
7,B,633,NysAqu,35.19,35.31,35.62,35.99
7,B,655,NysAqu,34.86,35.12,35.39,35.45
7,B,656,NysAqu,43.31,43.33,43.39,44
7,B,657,NysAqu,19.49,19.58,19.59,19.68
7,B,658,NysAqu,25.4,25.46,25.54,25.61
7,B,670,NysAqu,13.54,13.6,13.67,13.91
7,B,671,NysAqu,29.2,29.22,29.29,29.79
7,B,714,NysAqu,50.82,51,51.11,51.22
7,B,720,NysAqu,41.68,41.8,41.93,42.05
7,B,722,NysAqu,23.48,23.59,23.67,23.75
7,B,723,NysAqu,10.98,11,11.02,11.05
7,B,724,NysAqu,19.42,19.5,19.54,19.58
7,B,727,NysAqu,38.07,38.12,38.17,38.24
7,B,728,NysAqu,33.02,33.02,33.3,33.55
7,B,729,NysAqu,26.6,26.62,26.7,26.92
7,B,730,NysAqu,19.33,19.38,19.38,19.39
7,B,992,NysAqu,24.65,24.85,25,25.29
7,B,993,NysAqu,25.06,25.38,25.42,25.5
7,B,415,TaxDis,23.33,23.42,23.43,23.45
7,B,419,TaxDis,22.11,22.25,22.33,22.43
7,B,420,TaxDis,46.28,46.41,47.51,47.52
7,B,422,TaxDis,34.05,34.49,34.81,35.1
7,B,427,TaxDis,46.3,46.3,46.33,46.69
7,B,631,TaxDis,41.2,41.76,42.32,42.5
7,B,634,TaxDis,30.97,31.5,31.69,32
7,B,660,TaxDis,32.65,33.4,33.65,33.9
7,B,662,TaxDis,12.47,12.47,12.47,12.48
7,B,663,TaxDis,51,51.29,51.6,52.8
7,B,664,TaxDis,42.38,43.2,43.6,44
7,B,666,TaxDis,24.55,24.95,25.18,25.42
7,B,672,TaxDis,28.71,28.95,29.08,29.37
7,B,705,TaxDis,50.32,50.45,51.77,52
7,B,707,TaxDis,65.66,66.02,66.62,66.81
7,B,719,TaxDis,43.4,43.5,43.62,44.75
7,B,725,TaxDis,38.55,39.08,39.4,39.88
7,B,726,TaxDis,33.7,33.9,33.95,34
7,B,735,TaxDis,37.54,38.01,38.25,38.5
7,B,736,TaxDis,22.7,23,23.12,23.13
7,B,737,TaxDis,30.79,30.94,31.11,31.19
8,A,777,AceRub,4,4,4.02,4.15
8,A,779,AceRub,5.91,6,6.35,6.45
8,A,780,AceRub,4.5,4.5,4.55,4.6
8,A,781,AceRub,9.48,9.49,9.6,9.8
8,A,782,AceRub,6.4,6.5,6.55,6.59
8,A,783,AceRub,4.01,4.02,4.25,4.55
8,A,784,AceRub,4.15,4.25,4.5,4.6
8,A,1001,AceRub,4.48,4.54,4.7,4.8
8,A,1027,AceRub,5.72,5.93,6,6.09
8,A,1102,AceRub,11.24,11.24,11.24,11.24
8,A,1106,AceRub,7.92,7.93,7.97,8
8,A,786,NysAqu,17.38,17.38,17.38,17.49
8,A,787,NysAqu,44.49,45.55,45.79,46.22
8,A,1023,NysAqu,35.71,36.1,36.45,36.63
8,A,1024,NysAqu,55.09,55.19,55.5,55.7
8,A,1025,NysAqu,22.59,22.62,22.66,22.72
8,A,1026,NysAqu,20.92,21.35,21.42,21.6
8,A,772,TaxDis,52,52.43,52.61,52.81
8,A,778,TaxDis,37.3,38.58,39.45,40.1
8,A,785,TaxDis,64.38,64.94,65,65.12
8,A,788,TaxDis,39.68,40.15,40.4,40.65
8,A,952,TaxDis,11.29,11.32,11.33,14.38
8,A,954,TaxDis,48.88,49.56,49.8,50.05
8,A,955,TaxDis,81.14,81.24,81.53,81.7
8,A,956,TaxDis,19.27,19.79,20.1,20.29
8,A,957,TaxDis,51.92,52.8,53.05,53.05
8,A,960,TaxDis,4.9,5.23,5.8,6.1
8,A,961,TaxDis,51.7,51.7,51.7,51.7
8,A,976,TaxDis,10.74,11,11.34,11.52
8,A,1028,TaxDis,40.21,40.9,41.05,41.13
8,A,1029,TaxDis,72.85,73.2,73.3,73.41
8,A,1030,TaxDis,5.01,5.4,5.7,5.92
8,A,1101,TaxDis,55.9,57.5,58.19,58.85
8,B,1005,NysAqu,17.89,18.19,18.29,18.43
8,B,1006,NysAqu,25,25.03,25.1,25.21
8,B,1007,NysAqu,45.39,46,46.17,46.86
8,B,1008,NysAqu,5.62,5.77,5.77,5.78
8,B,1009,NysAqu,26.8,27.22,27.28,27.35
8,B,1010,NysAqu,24.74,25,25.14,25.28
8,B,1011,NysAqu,31.67,32.09,32.14,32.22
8,B,1012,NysAqu,16.72,16.79,16.79,16.8
8,B,1013,NysAqu,16.28,16.48,16.58,16.69
8,B,1014,NysAqu,13.99,14.04,14.04,14.04
8,B,1015,NysAqu,7.1,7.19,7.25,7.32
8,B,1016,NysAqu,9.51,9.69,9.72,9.77
8,B,1017,NysAqu,18.88,19.02,19.03,19.05
8,B,1018,NysAqu,4.03,4.05,4.11,4.2
8,B,1019,NysAqu,18.54,18.8,18.9,19
8,B,1032,NysAqu,27.25,27.25,27.25,27.25
8,B,1033,NysAqu,9.86,9.92,9.98,10
8,B,1034,NysAqu,19.52,19.69,19.73,19.85
8,B,1035,NysAqu,35.49,35.5,35.55,35.93
8,B,1036,NysAqu,31.9,32.18,32.3,32.43
8,B,1037,NysAqu,34.12,34.19,34.2,34.25
8,B,1038,NysAqu,20,20,20,20.06
8,B,1039,NysAqu,8.89,9.15,9.35,9.85
8,B,1040,NysAqu,7.01,7.31,7.44,7.6
8,B,1041,NysAqu,13.3,13.34,13.48,13.65
8,B,1042,NysAqu,21.98,22.09,22.2,22.45
8,B,1043,NysAqu,10.89,10.99,11,11.04
8,B,1044,NysAqu,31.2,31.5,31.8,31.95
8,B,1045,NysAqu,15.7,15.7,15.7,15.7
8,B,1046,NysAqu,19.61,19.73,19.74,19.75
8,B,1070,NysAqu,24.87,25.09,25.34,25.41
8,B,1103,NysAqu,48.46,49.14,49.4,49.75
8,B,1104,NysAqu,46.7,47,47.18,47.76
8,B,1107,NysAqu,41.95,42.6,43.3,43.5
8,B,1108,NysAqu,38.22,38.53,38.6,38.69
8,B,1109,NysAqu,35.39,35.99,36.1,36.2
8,B,1110,NysAqu,15.81,15.84,16.92,16
8,B,1112,NysAqu,30.6,30.92,31.2,31.24
8,B,1113,NysAqu,42.32,42.83,42.96,43.2
8,B,1115,NysAqu,6.98,6.98,6.98,6.99
8,B,1116,NysAqu,32.2,32.58,32.8,33.1
8,B,1118,NysAqu,23.89,23.96,24.03,24.11
8,B,1119,NysAqu,4.41,4.41,4.41,4.41
8,B,1120,NysAqu,60.8,61.08,61.1,61.11
8,B,1127,NysAqu,8.17,8.18,8.22,8.3
8,B,1134,NysAqu,31.11,31.39,31.6,31.9
8,B,1136,NysAqu,12.16,12.27,12.34,12.45
8,B,1137,NysAqu,32.91,33.18,33.61,33.68
8,B,1002,TaxDis,23.1,24.17,24.5,25.17
8,B,1003,TaxDis,16.09,16.27,16.49,16.7
8,B,1004,TaxDis,19.18,19.69,20.2,20.47
8,B,1031,TaxDis,66.19,66.91,67.14,67.21
8,B,1105,TaxDis,40.41,40.98,41.3,41.65
8,B,1111,TaxDis,5.95,6.45,6.75,7.05
