specimen,population,SVL,HdLngth,HdWdth,HdDpth,EyeNost,Gape,TrunkLgth,TrunkWdth,3rdtoehind,site,elevation,long.deg,long.mins,lat.deg,lat.mins
40779,BA,81.285,17.985,11.6,5.32,3.835,11,45.055,9.71,3.625,sweetwater spr.,5000,82,57,35,19
40780,BA,82.9,18.665,12.105,5.995,3.84,11.785,45.395,10.285,3.665,sweetwater spr.,5000,82,57,35,19
40789,BA,88.255,17.85,11.25,4.925,4.1,10.82,49.95,9.61,2.66,sweetwater spr.,5000,82,57,35,19
40790,BA,75.025,17.035,10.065,4.75,4.61,9.86,39.555,7.41,2.655,sweetwater spr.,5000,82,57,35,19
40963,BA,71.215,14.88,9.095,5.185,3.48,8.115,39.68,7.02,3.135,rough butt bald,5400,82,58,35,19
40964,BA,64.68,15.04,8.75,5.275,3.995,8.195,33.62,7.795,3.115,rough butt bald,5400,82,58,35,19
40965,BA,86.6,17.44,10.985,6.55,4.465,9.97,50.295,10.875,3.555,rough butt bald,5400,82,58,35,19
40966,BA,89.58,18.715,11.79,6.43,4.765,10.65,50.23,10.535,3.305,rough butt bald,5400,82,58,35,19
40967,BA,87.95,17.97,10.925,5.62,4.875,10.195,49.32,10.1,3.61,rough butt bald,5400,82,58,35,19
40968,BA,68.605,13.75,9.66,4.83,3.5,8.57,39.925,8.11,2.845,rough butt bald,5400,82,58,35,19
40969,BA,70.46,15.16,10.05,5.095,3.925,9.44,38.85,7.56,3.565,rough butt bald,5400,82,58,35,19
40970,BA,72.975,14.745,9.71,5.315,4.14,9.385,40.225,7.65,2.905,rough butt bald,5400,82,58,35,19
40971,BA,87.455,17.45,10.695,5.305,4.72,10.36,49.62,9.315,2.975,rough butt bald,5400,82,58,35,19
40972,BA,69.995,15.15,9.27,4.985,3.375,8.78,40.035,7.33,2.74,rough butt bald,5400,82,58,35,19
40973,BA,86.08,16.16,10.57,5.255,5.02,9.745,46.755,8.155,3.86,rough butt bald,5400,82,58,35,19
40974,BA,94.25,18.16,11.285,7.095,5.01,10.63,52.565,9.705,3.73,rough butt bald,5400,82,58,35,19
40975,BA,72.99,16.065,9.845,4.785,4.57,8.89,41.725,7.565,2.91,rough butt bald,5400,82,58,35,19
40976,BA,83.565,16.56,10.635,5.86,3.99,9.85,46.8,8.845,3.405,rough butt bald,5400,82,58,35,19
40977,BA,61.52,13.405,8.31,3.735,3.915,7.85,33.5,5.425,2.76,rough butt bald,5400,82,58,35,19
40978,BA,70.33,14.74,9.76,5.31,3.405,8.65,37.315,7.125,3.14,rough butt bald,5400,82,58,35,19
40979,BA,82.725,17.155,10.695,5.775,5.375,8.96,44.76,9.04,3.185,rough butt bald,5400,82,58,35,19
40980,BA,79.92,16.34,10.415,4.835,3.715,9.595,44.83,7.77,3.58,rough butt bald,5400,82,58,35,19
40981,BA,94.125,17.88,11.41,6.47,4.35,10.585,53.38,9.995,3.575,rough butt bald,5400,82,58,35,19
41095,BA,57.695,11.32,8.275,4.41,3.455,7.795,32.17,6.665,2.75,richland balsam,5800,83,0,35,22
41006,BR,67.88,14.755,10.145,4.935,3.815,8.525,36.09,6.805,2.51,flat mountain,3500,83,3,35,2
41045,BR,66.215,13.685,8.76,4.155,3.465,8.305,36.185,7.63,2.89,flat mountain,3500,83,3,35,2
41046,BR,69.055,13.825,9.995,4.91,3.235,8.63,39.61,8.16,2.41,flat mountain,3500,83,3,35,2
41048,BR,62.08,12.53,8.44,4.02,3.335,8.67,34.215,6.48,2.13,flat mountain,3500,83,3,35,2
41049,BR,82.68,17,10.505,6.995,4.92,10.25,46.585,10.015,3.625,flat mountain,3500,83,3,35,2
41050,BR,70.21,13.23,8.57,4.65,2.705,8.195,39.075,6.595,2.65,flat mountain,3500,83,3,35,2
41051,BR,73.205,13.82,9.23,4.35,3.685,9.1,41.18,6.74,3.075,flat mountain,3500,83,3,35,2
41056,BR,74.695,14.19,9.855,5.11,4.04,9.12,42.165,8.45,2.735,flat mountain,3500,83,3,35,2
41057,BR,72.45,14.715,9.175,4.525,3.72,9.295,40.43,7.175,2.92,flat mountain,3500,83,3,35,2
41058,BR,84.88,16.94,11.285,5.495,3.51,10.39,49.68,8.065,3.335,flat mountain,3500,83,3,35,2
41059,BR,70.09,13.825,8.785,4.91,3.845,8.48,38.595,7.215,2.555,flat mountain,3500,83,3,35,2
41060,BR,72.69,15.185,9.865,5.715,4.29,8.96,41.715,6.82,2.71,flat mountain,3500,83,3,35,2
41061,BR,62.095,12.805,8.445,4.22,3.11,7.94,35.74,6.4,2.48,flat mountain,3500,83,3,35,2
41062,BR,69.005,13.885,9.24,4.99,3.235,8.93,39.235,7.87,3.125,flat mountain,3500,83,3,35,2
41063,BR,69.66,13.52,8.605,4.63,3.965,8.095,38.63,7.94,1.65,flat mountain,3500,83,3,35,2
41064,BR,78.63,13.79,9.54,5.515,2.73,9.29,45.61,7.815,2.55,flat mountain,3500,83,3,35,2
41065,BR,83.54,16.105,10.72,6.245,4.01,9.955,46.675,8.515,3.61,flat mountain,3500,83,3,35,2
41066,BR,71.88,13.975,9.975,5.175,3.785,8.89,41.595,7.595,2.94,flat mountain,3500,83,3,35,2
41067,BR,68.225,14.63,9.515,5.075,4.13,8.785,37.67,6.81,2.475,flat mountain,3500,83,3,35,2
41069,BR,61.725,12.845,8.605,4.48,2.69,7.885,33.83,6.345,2.325,flat mountain,3500,83,3,35,2
41070,BR,67.765,13.72,8.77,5.13,3.615,8.71,37.56,8.17,3.23,flat mountain,3500,83,3,35,2
41071,BR,75.59,15.495,9.895,5.39,3.755,9.265,41.91,7.975,2.64,flat mountain,3500,83,3,35,2
41072,BR,77.06,15.355,10.615,5.42,3.845,10.06,42.745,7.34,3.115,flat mountain,3500,83,3,35,2
41073,BR,62.49,12.435,8.05,4.54,3.37,7.335,34.8,6.175,2.48,flat mountain,3500,83,3,35,2
41074,BR,67.35,13.045,8.79,4.435,3.195,8.705,38.005,6.96,2.745,flat mountain,3500,83,3,35,2
41075,BR,68.38,13.595,9.5,5.045,3.655,8.7,37.575,7.395,2.465,flat mountain,3500,83,3,35,2
41076,BR,70.56,14.45,9.9,5.08,3.765,9.78,38.065,8.26,2.83,flat mountain,3500,83,3,35,2
41077,BR,68.78,13.685,9.38,5.145,4.15,8.53,39.35,7.955,2.355,flat mountain,3500,83,3,35,2
41078,BR,74.64,14.725,9.68,5.24,3.72,8.71,40.535,7.08,2.99,flat mountain,3500,83,3,35,2
41079,BR,60.48,13.01,8.315,4.505,3.965,7.955,32.495,5.57,2.68,flat mountain,3500,83,3,35,2
41082,BR,69.815,13.65,9.56,4.995,3.5,9.06,39.085,5.95,2.955,flat mountain,3500,83,3,35,2
41083,BR,70.855,14.135,8.56,4.335,3.61,8.01,38.19,7.045,2.54,flat mountain,3500,83,3,35,2
41084,BR,71.125,14.63,6.095,4.475,3.63,8.425,40.31,6.39,3.02,flat mountain,3500,83,3,35,2
41088,BR,73.43,14.86,9.74,5.055,3.43,9.18,40.445,7.43,2.92,flat mountain,3500,83,3,35,2
41089,BR,66.4,13.61,8.395,4.36,3.395,8.17,35.8,6.325,2.745,flat mountain,3500,83,3,35,2
41090,BR,65.09,12.755,8.405,4.24,3.33,8.255,37.06,6.51,2.685,flat mountain,3500,83,3,35,2
41091,BR,76.03,14.455,9.93,4.96,3.825,9.035,42.59,7.75,3.265,flat mountain,3500,83,3,35,2
41093,BR,67.25,13.84,8.535,4.705,2.88,8.025,36.545,6.54,2.59,flat mountain,3500,83,3,35,2
41167,BR,63.705,13.44,8.335,4.76,3.195,8.04,35.06,8.405,2.47,flat mountain,3500,83,3,35,2
41168,BR,71.91,14.955,9.775,5.485,3.77,8.575,41.68,9.275,2.6,flat mountain,3500,83,3,35,2
41169,BR,72.375,13.965,8.89,5.325,3.815,8.325,40.11,7.53,2.1,flat mountain,3500,83,3,35,2
41180,BR,76.325,14.995,10.355,5.465,3.73,9.32,41.29,8.945,2.68,flat mountain,3500,83,3,35,2
42168,BR,59.395,12.75,7.12,3.695,3.49,6.695,29.99,5.755,1.705,flat mountain,3500,83,3,35,2
42172,BR,58.75,13.13,9.215,4.26,4.14,8.495,33.845,7.15,2.225,flat mountain,3500,83,3,35,2
42177,BR,65.265,13.5,9.6,3.86,2.6,8.84,37.6,6.545,2.02,flat mountain,3500,83,3,35,2
42178,BR,81.06,15.755,10.595,4.725,3.69,10.38,46.505,8.185,2.74,flat mountain,3500,83,3,35,2
42179,BR,70.29,14.155,8.87,3.84,3.2,8.73,41.075,7.11,2.845,flat mountain,3500,83,3,35,2
42180,BR,74.81,15.065,10.64,5.125,3.71,10.01,43.48,8.895,2.125,flat mountain,3500,83,3,35,2
42181,BR,74.025,15.565,9.74,4.33,2.93,9.365,41.4,8.05,2.375,flat mountain,3500,83,3,35,2
42182,BR,73.285,14.69,9.85,4.83,3.23,9.325,41.985,7.7,2.43,flat mountain,3500,83,3,35,2
42183,BR,77.51,15.18,10.14,4.625,3.69,9.47,45.83,8.005,2.64,flat mountain,3500,83,3,35,2
42184,BR,64.27,13.805,9.005,4.08,2.99,8.785,34.2,6.7,2.24,flat mountain,3500,83,3,35,2
42185,BR,65.535,13.505,8.91,4.025,3.365,8.715,37.815,6.055,1.69,flat mountain,3500,83,3,35,2
42186,BR,64.99,13.325,8.56,3.995,3.335,8.375,36.89,6.415,2.135,flat mountain,3500,83,3,35,2
42187,BR,72.57,14.36,9.51,4.305,3.055,9.43,41.365,7.245,2.245,flat mountain,3500,83,3,35,2
42191,BR,68.36,14.7,8.855,4.405,2.88,8.72,36.665,7.445,2.84,flat mountain,3500,83,3,35,2
42193,BR,64.35,12.63,8.46,3.855,3.395,8.285,34.885,6.63,2.29,flat mountain,3500,83,3,35,2
42194,BR,68.82,14.15,9.025,3.995,3.085,8.81,40.775,7.08,2.45,flat mountain,3500,83,3,35,2
42195,BR,64,14.365,8.585,4.055,2.625,8.395,36.455,7.485,2.05,flat mountain,3500,83,3,35,2
42197,BR,61.605,13.17,8.66,3.855,3.3,8.19,35.145,6.575,2.05,flat mountain,3500,83,3,35,2
42199,BR,64.81,13.46,8.925,4.09,2.665,8.51,38.17,6.535,2.15,flat mountain,3500,83,3,35,2
42201,BR,80.59,16.55,10.53,5.44,3.74,10.44,48.175,8.16,2.16,flat mountain,3500,83,3,35,2
42202,BR,65.67,14.205,8.83,4.19,3.345,8.495,37.765,6.84,2.23,flat mountain,3500,83,3,35,2
42203,BR,67.33,14.68,8.83,4.17,3.29,8.755,38.3,6.06,1.59,flat mountain,3500,83,3,35,2
42205,BR,70.925,14.315,9.46,4.155,3.665,9.17,40.795,7.39,2.635,flat mountain,3500,83,3,35,2
42206,BR,79.405,16.515,10.83,5.05,4.135,10.46,46.47,8.63,2.83,flat mountain,3500,83,3,35,2
42207,BR,63.29,13.675,8.57,3.61,2.945,8.37,36.64,6.21,2.025,flat mountain,3500,83,3,35,2
42208,BR,62.6,13.975,9.26,3.77,3.505,8.47,34.27,6.745,2.03,flat mountain,3500,83,3,35,2
42209,BR,71.55,14.315,9.12,3.91,3.36,8.61,39.555,6.53,2.06,flat mountain,3500,83,3,35,2
42210,BR,64.675,13.255,8.53,3.705,2.88,8.425,35.09,5.45,2.085,flat mountain,3500,83,3,35,2
42212,BR,62.66,13.11,8.4,4.025,3.075,8.1,34.13,5.895,2.06,flat mountain,3500,83,3,35,2
42213,BR,62.595,13.21,8.73,3.955,2.92,8.63,35.995,6.415,2.165,flat mountain,3500,83,3,35,2
42215,BR,65.82,14.305,8.86,3.88,3.01,8.4,36.44,7.12,2.285,flat mountain,3500,83,3,35,2
42216,BR,62.545,12.38,8.455,3.66,2.825,8.19,36.095,6.19,2.27,flat mountain,3500,83,3,35,2
42218,BR,69.955,14.375,9.605,4.045,3.215,9.18,38.005,7.14,2.36,flat mountain,3500,83,3,35,2
42564,BR,77.24,16.435,11.07,4.85,3.64,10.525,43.3,10.33,2.79,burrells mtn,3000,83,5,34,58
42565,BR,69.98,14.95,9.53,4.095,3.425,8.775,40.945,7.015,2.1,sloan bridge,no idea about exact whereabouts of this locality,NA,NA,NA,NA
42566,BR,81.03,17.08,10.155,4.66,3.375,9.93,47.795,7.26,2.65,moody spring,2400,83,6,34,56
42567,BR,77.13,16.19,9.75,4.46,3.2,9.52,44.85,7.025,2.69,moody spring,2400,83,6,34,56
42568,BR,78.455,16.28,10.21,5.06,3.85,9.24,45.475,8.005,2.35,moody spring,2400,83,6,34,56
42569,BR,74.97,16.595,10.35,4.905,3.11,9.495,43.44,7.485,2.075,burrells mtn,3000,83,5,34,58
42570,BR,73.02,15.205,9.79,4.41,3.335,9.26,40.63,8.585,2.275,burrells mtn,3000,83,5,34,58
42577,BR,72.375,15.01,10.115,4.965,3.84,9.68,40.56,8.585,2.525,moody spring,2400,83,6,34,56
42578,BR,75.73,16.08,10.89,4.715,4.47,10.315,42.04,9.43,2.085,moody spring,2400,83,6,34,56
42579,BR,75.975,14.925,10.46,4.72,3.72,9.61,43.67,8.63,2.475,moody spring,2400,83,6,34,56
42580,BR,68.935,15.05,10.005,4.24,3.34,9.78,38.265,8.655,1.91,moody spring,2400,83,6,34,56
42582,BR,71.99,15.26,9.95,4.085,3.455,9.445,40.055,6.855,2.58,moody spring,2400,83,6,34,56
42586,BR,70.585,15.725,10.175,4.24,2.915,9.385,39.505,7.375,2.34,burrells mtn,3000,83,5,34,58
42588,BR,67.405,15.38,9.03,4.24,3.105,8.51,39.25,6.735,2.095,burrells mtn,3000,83,5,34,58
42589,BR,63.69,14.085,9.285,4.17,3.355,9.05,34.97,7.365,2.33,burrells mtn,3000,83,5,34,58
42592,BR,79.395,15.455,10.145,4.68,3.23,9.66,46,8.11,2.12,buck knob spr.,2800,83,4,34,58
42593,BR,77.1,15.525,10.35,4.275,3.49,9.745,47.17,8.65,2.3,buck knob spr.,2800,83,4,34,58
42595,BR,79.12,16.435,10.28,4.465,3.51,9.77,46.075,7.765,2.475,buck knob spr.,2800,83,4,34,58
42596,BR,77.705,16.3,10.015,4.455,3.96,9.49,44.1,7.26,2.21,buck knob spr.,2800,83,4,34,58
42597,BR,77.62,15.16,9.975,4.48,3.43,9.345,44.845,8.43,3.655,buck knob spr.,2800,83,4,34,58
42599,BR,84.705,16.205,11,5.05,3.7,10.145,48.785,8.38,2.87,persimmon mtn.,3000,83,3,34,59
42601,BR,74.19,16.51,10.595,4.375,3.195,9.65,43.75,8.25,2.085,persimmon mtn.,3000,83,3,34,59
42602,BR,70.97,15.245,9.48,4.5,3.67,9.23,39.365,7.725,2.775,persimmon mtn.,3000,83,3,34,59
42617,BR,68.92,13.72,9.44,4.005,3.435,8.735,40.225,7.235,2.29,persimmon mtn.,3000,83,3,34,59
42626,BR,71.53,15.315,10.2,4.055,3.225,9.875,40.41,7.62,2.045,persimmon mtn.,3000,83,3,34,59
42628,BR,74.855,15.315,9.7,4.98,2.975,9.41,41.91,7.465,2.81,buck knob spr.,2800,83,4,34,58
42629,BR,78.745,16.24,10.735,5,4.095,10.375,43.635,7.96,2.365,buck knob spr.,2800,83,4,34,58
42630,BR,78.525,15.205,9.85,4.63,2.79,9.395,43.215,8.135,1.74,buck knob spr.,2800,83,4,34,58
42631,BR,76.07,15.16,9.8,4.495,3.065,9.71,45.205,7.84,2.25,buck knob spr.,2800,83,4,34,58
42632,BR,73.28,15.105,10.915,4.54,3.97,10.44,41.12,8.485,2.45,buck knob spr.,2800,83,4,34,58
42633,BR,83.915,16.87,10.625,4.545,3.985,10.06,48.835,8.285,2.585,buck knob spr.,2800,83,4,34,58
42634,BR,82.99,16.38,11.52,4.94,4.135,10.81,48.42,8.34,2.63,buck knob spr.,2800,83,4,34,58
42635,BR,76.13,16.255,10.73,4.855,3.675,10.105,45.55,8.235,2.7,buck knob spr.,2800,83,4,34,58
42637,BR,79.51,16.15,10.43,4.6,3.765,9.94,45.025,7.81,2.645,buck knob spr.,2800,83,4,34,58
42638,BR,75.75,15.86,10.195,5.055,3.92,9.89,45.66,7.905,2.37,buck knob spr.,2800,83,4,34,58
42639,BR,72.185,14.895,9.11,4.035,3.39,8.6,40.14,7.6,2.365,buck knob spr.,2800,83,4,34,58
42641,BR,81.7,16.355,11.115,5.185,4.32,10.24,47.505,8.25,2.625,buck knob spr.,2800,83,4,34,58
42642,BR,68.41,14.495,9.775,4.465,3.42,8.7,38.505,7.61,2.13,buck knob spr.,2800,83,4,34,58
42643,BR,65.23,13.79,8.5,3.805,3.42,8.375,36.04,6.53,2.595,persimmon mtn.,3000,83,3,34,59
42644,BR,60.44,12.935,8.26,3.76,2.29,8.065,35.12,6.16,2.47,persimmon mtn.,3000,83,3,34,59
42646,BR,58.815,12.975,8.035,2.985,2.265,7.98,32.485,5.565,2.195,persimmon mtn.,3000,83,3,34,59
42648,BR,73.005,15.02,10.06,4.33,3.905,9.205,42.775,7.91,1.95,buck knob spr.,2800,83,4,34,58
42649,BR,78.345,16.115,10.075,4.76,3.58,9.84,45.405,7.86,2.87,buck knob spr.,2800,83,4,34,58
42650,BR,73.465,15.355,9.89,4.745,3.825,9.46,42.5,7.105,2.07,buck knob spr.,2800,83,4,34,58
42651,BR,81.495,16.055,11.27,5.085,4.02,10.735,46.965,8.015,2.625,buck knob spr.,2800,83,4,34,58
42652,BR,76.91,16.07,10.905,4.645,3.595,10.145,42.765,7.415,2.245,buck knob spr.,2800,83,4,34,58
42656,BR,73.29,15.27,9.9,4.385,3.755,9.425,43.24,7.48,2.235,persimmon mtn.,3000,83,3,34,59
42657,BR,78.98,16.63,10.78,5.16,4.095,10.01,42.905,8.1,2.35,buck knob spr.,2800,83,4,34,58
42658,BR,75.79,15.795,10.555,4.645,3.75,10.045,43.36,8.43,2.965,persimmon mtn.,3000,83,3,34,59
42659,BR,74.705,15.65,10.26,4.25,3.285,9.555,44.395,7.215,2.165,persimmon mtn.,3000,83,3,34,59
42660,BR,69.675,15.06,9.81,4.1,3.38,9.185,39.83,6.625,2.655,persimmon mtn.,3000,83,3,34,59
42661,BR,65.985,14.945,8.43,4.045,3.335,8.335,38.67,6.72,2.39,buck knob spr.,2800,83,4,34,58
42663,BR,71.325,14.48,9.415,4.135,3.195,9.075,40.605,7.285,2.315,persimmon mtn.,3000,83,3,34,59
42664,BR,77.235,15.625,10.325,4.66,3.775,9.5,45.875,8.64,2.885,persimmon mtn.,3000,83,3,34,59
42665,BR,76.495,16.13,10.35,4.33,3.385,10.11,43.715,8.2,2.535,persimmon mtn.,3000,83,3,34,59
42666,BR,72.835,15.71,10.51,5.135,4.075,9.56,42.71,8.915,2.17,buck knob spr.,2800,83,4,34,58
42668,BR,82.85,17.35,11.19,5.32,4.09,10.62,47.915,10.32,2.885,buck knob spr.,2800,83,4,34,58
42669,BR,75.235,14.845,10.2,3.925,3.705,9.695,41.49,8.08,2.34,buck knob spr.,2800,83,4,34,58
42670,BR,79.205,15.295,10.79,4.455,4.05,10.575,45.33,9.215,2.475,persimmon mtn.,3000,83,3,34,59
42671,BR,69.605,14.525,9.885,4.885,3.135,9.15,38.1,8.52,2.515,persimmon mtn.,3000,83,3,34,59
42672,BR,64.445,13.66,8.745,4.01,3.36,8.37,36.955,6.51,2.32,persimmon mtn.,3000,83,3,34,59
42674,BR,84.51,17.09,11.145,6.705,4.16,10.39,50.715,8.675,3.06,buck knob spr.,2800,83,4,34,58
42675,BR,77.77,16.66,10.29,4.705,3.48,10.1,44.435,7.865,2.61,buck knob spr.,2800,83,4,34,58
42678,BR,71.535,14.59,9.22,4.345,3.21,8.76,42.515,7.23,2.255,persimmon mtn.,3000,83,3,34,59
42679,BR,68.315,14.245,9.31,3.89,3.19,8.655,38.785,6.95,2.185,persimmon mtn.,3000,83,3,34,59
42680,BR,69.165,14.285,8.765,3.605,2.93,8.675,40.22,7.22,2.3,persimmon mtn.,3000,83,3,34,59
42681,BR,63.95,13.635,9.33,3.595,2.71,8.67,35.51,6.575,2.305,persimmon mtn.,3000,83,3,34,59
42682,BR,67.75,14,9.745,4,3.535,8.91,38.585,6.51,2.26,persimmon mtn.,3000,83,3,34,59
42683,BR,75.055,15.525,9.015,4.175,4.365,8.86,41.93,7.26,2.755,persimmon mtn.,3000,83,3,34,59
42684,BR,72.545,14.69,10.055,4.285,3.18,9.285,42.41,7.84,2.465,persimmon mtn.,3000,83,3,34,59
42685,BR,78.72,15.715,11.02,5.185,4.11,10.175,48.41,9.205,2.94,cane creek,no idea about exact whereabouts of this locality,NA,NA,NA,NA
42687,BR,71.435,15.415,9.775,4.23,3.84,9.09,39.98,7.345,2.205,persimmon mtn.,3000,83,3,34,59
42283,"NA",67.79,14.145,9.08,4.745,3.345,8.655,36.64,6.54,2.695,robin branch,4800,83,35,35,10
42284,"NA",66.45,14.14,9.08,4.155,3.18,8.825,39.02,7.43,3.005,robin branch,4800,83,35,35,10
42285,"NA",71.625,15.21,9.6,4.955,3.47,9.025,40.01,7.22,2.755,robin branch,4800,83,35,35,10
42286,"NA",81.5,16.275,10.805,5.8,3.485,9.72,45.66,8.82,3.05,robin branch,4800,83,35,35,10
42287,"NA",75.885,15.315,9.935,4.795,3.52,9.15,42.96,7.11,3.015,robin branch,4800,83,35,35,10
42288,"NA",71.465,14.78,9.745,5.145,3.715,9.5,39.125,6.99,2.81,robin branch,4800,83,35,35,10
42289,"NA",75.33,16.325,10.125,5.055,4.185,9.285,39.9,7.895,2.415,robin branch,4800,83,35,35,10
42290,"NA",72.615,13.385,8.95,4.215,3.47,8.34,39.31,7.44,2.38,robin branch,4800,83,35,35,10
41256,CN,98.525,19.575,12.98,8.14,5.29,11.87,59.285,10.67,3.235,brushy fork cr.,3500,83,19,35,18
42464,CN,73.455,14.705,10.145,5.215,4.065,9.66,41.84,8.77,2.325,alarka,4400,83,21,35,20
42465,CN,72.915,15.94,9.87,4.655,3.56,9.5,39.095,7.425,2.695,alarka,4400,83,21,35,20
42467,CN,95.68,19.19,13.22,7.05,4.985,12.21,54.945,10.4,3.79,alarka,4400,83,21,35,20
42468,CN,70.825,13.185,9.24,4.84,3.505,8.87,40.22,7.25,2.07,alarka,4400,83,21,35,20
42470,CN,78.005,15.11,10.495,5.275,3.575,9.765,46.365,7.975,2.71,alarka,4400,83,21,35,20
42472,CN,118.225,19.895,15,7.695,5.215,14.135,72.335,11.425,4.1,alarka,4400,83,21,35,20
42473,CN,106.985,18.59,13.72,6.81,5.075,12.73,64.12,10.73,3.075,alarka,4400,83,21,35,20
42474,CN,62.26,12.23,8.14,4.565,2.845,7.755,37.78,6.615,1.955,alarka,4400,83,21,35,20
42475,CN,64.575,12.87,8.175,4.595,3.125,8.05,38.215,6.42,2.26,alarka,4400,83,21,35,20
42477,CN,80.11,15.815,10.36,4.835,3.495,10.02,45.205,8.08,2.36,alarka,4400,83,21,35,20
42478,CN,74.27,15.91,9.86,5.435,3.805,9.565,43.59,8.215,2.34,alarka,4400,83,21,35,20
42479,CN,70.485,14.11,9.635,4.715,3.605,9.345,40.22,6.545,2.31,alarka,4400,83,21,35,20
42481,CN,72.16,14.355,10.16,5.02,3.99,9.975,40.16,7.54,2.235,alarka,4400,83,21,35,20
42483,CN,97.45,18.985,12.79,6.71,4.565,12.335,57.92,9.94,2.865,alarka,4400,83,21,35,20
42484,CN,90.47,17.925,11.92,6.405,4.32,11.01,50.33,9.635,2.715,alarka,4400,83,21,35,20
42485,CN,87.82,17.755,11.72,5.92,4.29,11.085,48.825,8.68,2.705,alarka,4400,83,21,35,20
42486,CN,79.63,15.63,10.965,5.635,3.5,10.565,45.655,8.35,2.78,alarka,4400,83,21,35,20
42487,CN,71.01,14.985,9.74,4.87,3.7,9.475,40.215,7.01,2.53,alarka,4400,83,21,35,20
42488,CN,79.19,15.805,10.645,5.42,3.875,9.94,45.655,7.685,2.625,alarka,4400,83,21,35,20
42489,CN,80.52,15.285,10.76,5.775,4.135,10.22,44.055,7.805,2.67,alarka,4400,83,21,35,20
42490,CN,72.01,13.995,9.56,5.02,3.7,9.115,42.965,7.05,2.62,alarka,4400,83,21,35,20
42491,CN,97.66,19.61,12.475,6.075,4.37,11.735,55.86,9.36,3.055,alarka,4400,83,21,35,20
42492,CN,86.06,17.51,11.24,6.205,4.06,10.16,48.74,8.78,2.705,alarka,4400,83,21,35,20
42493,CN,81.7,17.775,11,5.075,3.955,10.73,45.635,8.66,2.535,alarka,4400,83,21,35,20
42494,CN,78.755,15.345,10.55,5.04,3.815,10.195,46.48,7.085,2.735,alarka,4400,83,21,35,20
42495,CN,76.83,15.025,10.19,5.315,4.36,9.375,42.87,8.45,2.5,alarka,4400,83,21,35,20
42496,CN,71.13,14.085,9.22,4.35,3.15,8.9,41.385,7.465,2.485,alarka,4400,83,21,35,20
42499,CN,85.92,16.11,11.19,5.17,3.59,10.77,47.18,9.375,2.5,alarka,4400,83,21,35,20
42500,CN,78.62,15.135,10.365,5.47,3.68,10.03,45.825,8.34,2.69,alarka,4400,83,21,35,20
42501,CN,64.215,13.315,8.6,4.495,3.01,8.495,35.69,6.49,2.62,alarka,4400,83,21,35,20
42502,CN,87.225,17.01,11.665,6.28,4.99,11.15,50.99,8.49,2.67,alarka,4400,83,21,35,20
42503,CN,96.95,18.495,13.325,6.315,4.575,12.505,52.99,9.835,3.25,alarka,4400,83,21,35,20
42505,CN,67.92,14.05,8.975,4.75,3.01,8.585,38.69,6.735,2.575,alarka,4400,83,21,35,20
42506,CN,89.2,18.04,12.745,6.26,4.02,12.42,49.79,10.47,3.005,alarka,4400,83,21,35,20
42508,CN,85.925,16.915,11.015,5.765,3.975,10.62,50.265,7.625,3.065,alarka,4400,83,21,35,20
42509,CN,105.85,18.77,14.07,6.835,5.145,13.15,64.655,11.465,3.8,alarka,4400,83,21,35,20
42510,CN,72.305,14.96,10.15,4.92,3.85,9.7,42.48,7.335,2.2,alarka,4400,83,21,35,20
42511,CN,76.085,15.305,10.195,5.26,3.82,9.455,41.715,7.32,2.58,alarka,4400,83,21,35,20
40844,CS,76.925,15.345,9.045,4.72,3.795,8.355,44.98,6.9,2.75,hamburg gap,4200,83,12,35,8
40845,CS,73.38,14.465,10.05,5.255,3.66,9.055,38.81,6.87,2.595,hamburg gap,4200,83,12,35,8
40846,CS,69.045,12.855,8.385,4.785,2.875,7.605,39.52,6.8,2.73,hamburg gap,4200,83,12,35,8
40847,CS,80.88,14.805,9.895,4.845,4.46,9.455,49.775,8.76,3.25,hamburg gap,4200,83,12,35,8
41053,CS,64.89,13.44,8.755,4.97,3.315,8.195,34.805,6.14,2.61,hamburg gap,4200,83,12,35,8
41129,CS,65.295,13.01,8.97,5.435,3.525,7.905,36.09,7.22,2.205,wolf creek,3600,83,10,35,14
41152,CS,63.355,13.645,8.33,4.15,2.68,8.37,35.13,5.805,2.69,wolf creek,3600,83,10,35,14
41153,CS,75.3,13.8,9.2,5.205,3.46,9.29,42.335,7.98,2.965,wolf creek,3600,83,10,35,14
41154,CS,79.355,15.745,9.955,5.2,4.06,9.21,43.63,7.94,3.045,wolf creek,3600,83,10,35,14
41165,CS,82.105,17.015,10.635,5.595,3.89,9.75,46.54,9.815,3.115,whiteside,4800,83,13,35,4
41166,CS,72.65,15.36,9.49,5.42,3.525,8.65,40.895,8.435,3.375,whiteside,4800,83,13,35,4
41221,CS,74.715,14.65,9.68,4.71,3.795,8.98,43.255,7.095,3.085,cullowhee valley,2400,83,12,35,17
41228,CS,64.775,12.855,8.35,4.42,3.455,7.645,36.67,6.335,2.65,cullowhee valley,2400,83,12,35,17
41230,CS,65.83,13.43,8.995,5.195,3.88,7.91,34.74,7.65,2.67,cullowhee valley,2400,83,12,35,17
41231,CS,71.62,14.435,9.755,5.935,3.705,8.815,40.055,8.16,2.96,cullowhee valley,2400,83,12,35,17
42116,CS,76.825,14.645,10.295,5.54,3.91,9.53,43.785,8.63,2.855,wolf creek,3600,83,10,35,14
42117,CS,78.305,14.89,9.895,5.365,3.14,9.105,45.85,8.83,2.63,wolf creek,3600,83,10,35,14
42118,CS,80.495,15.725,10.445,6.5,3.925,9.41,47.17,9.92,3.005,wolf creek,3600,83,10,35,14
42119,CS,79.725,14.765,10.29,5.115,3.17,9.98,44.35,8.18,3.06,wolf creek,3600,83,10,35,14
42121,CS,78.58,15.805,9.28,5.03,3.46,9.77,44.345,9.665,2.48,wolf creek,3600,83,10,35,14
42122,CS,74.065,14.555,9.725,4.56,3.21,9.295,41.365,7.835,1.83,wolf creek,3600,83,10,35,14
42123,CS,79.435,15.815,10.435,5.965,3.735,9.785,45.635,9.745,2.96,wolf creek,3600,83,10,35,14
42124,CS,69.125,13.61,8.7,4.265,3.015,8.535,38.66,6.52,2.465,wolf creek,3600,83,10,35,14
42125,CS,73.1,14.73,9.03,4.81,3.64,8.815,39.96,7.885,2.395,wolf creek,3600,83,10,35,14
42126,CS,72.12,14,9.55,4.985,3.44,8.79,42.725,8.59,2.855,wolf creek,3600,83,10,35,14
42127,CS,78.39,14.62,9.72,4.985,3.28,9.005,45.635,8.11,2.41,wolf creek,3600,83,10,35,14
42128,CS,68.555,12.85,7.895,4.05,3.225,7.565,40.67,7.13,2.185,wolf creek,3600,83,10,35,14
42129,CS,68.565,12.945,8.275,4.105,2.815,7.465,38.885,7.31,2.245,wolf creek,3600,83,10,35,14
42130,CS,58.695,12.015,7.405,3.535,2.755,7.36,30.9,5.985,2.295,wolf creek,3600,83,10,35,14
42131,CS,63.005,12.685,8.35,3.77,2.84,7.94,34.92,6.42,1.97,wolf creek,3600,83,10,35,14
42132,CS,77.705,15.395,9.365,4.8,2.86,9.02,42.865,7.965,2.105,wolf creek,3600,83,10,35,14
42133,CS,65.895,12.775,8.015,3.93,3.05,7.82,36.36,6.08,2.19,wolf creek,3600,83,10,35,14
42138,CS,63.465,12.595,8.645,4.015,3.555,8.125,35.945,7.135,2.075,wolf creek,3600,83,10,35,14
42139,CS,70.12,13.095,8.765,4.065,4.025,8.38,38.735,6.34,1.925,wolf creek,3600,83,10,35,14
42140,CS,71.315,13.82,9.275,4.465,3.12,8.375,39.37,6.785,2.185,wolf creek,3600,83,10,35,14
42141,CS,73.71,14.19,9.04,4.455,3.4,8.44,42.42,7.265,1.505,wolf creek,3600,83,10,35,14
42144,CS,65.935,13.08,8.74,4.585,3.6,8.06,35.37,7.56,1.93,wolf creek,3600,83,10,35,14
42145,CS,70.9,14.53,9.575,4.69,3.355,8.915,39.215,7.295,2.61,wolf creek,3600,83,10,35,14
42148,CS,64.16,12.425,8.01,3.645,3.38,7.215,38.245,7.5,2.7,wolf creek,3600,83,10,35,14
42149,CS,78.005,14.58,9.65,4.66,3.005,8.915,43.57,7.155,2.79,wolf creek,3600,83,10,35,14
42151,CS,61.97,12.71,7.71,4.325,3.025,7.39,34.985,6.93,2.155,wolf creek,3600,83,10,35,14
42152,CS,60.455,12.555,8.215,4.355,2.5,7.66,32.525,6.28,2.17,wolf creek,3600,83,10,35,14
42223,CS,69.72,13.085,8.93,4.765,3.995,8.2,39.085,8.68,2.49,van hook glade,3400,83,15,35,4
42231,CS,66.39,11.82,8.305,4.27,3.355,7.845,38.74,5.755,1.855,cullowhee gap,3600,83,14,35,14
42232,CS,73.65,13.01,8.96,4.895,3.02,8.46,43,7.17,2.325,cullowhee gap,3600,83,14,35,14
42233,CS,80.73,15.03,10.08,5.515,3.775,9.005,48.89,7.92,3.27,cullowhee gap,3600,83,14,35,14
42234,CS,71.185,13.23,8.545,5.845,3.275,7.81,41.37,8.22,2.52,cullowhee gap,3600,83,14,35,14
42236,CS,68.32,12.655,8.525,4.615,2.95,8.05,41.51,6.7,2.615,cullowhee gap,3600,83,14,35,14
42270,CS,75.28,16.095,10.085,4.645,3.295,9.63,42.495,7.58,2.545,buck cr.,4200,83,12,35,8
42271,CS,75.39,15.43,9.375,4.93,3.72,8.79,42.88,6.485,2.87,buck cr.,4200,83,12,35,8
42272,CS,68.895,14.145,9.285,5.12,3.475,8.99,39.125,7.015,2.34,buck cr.,4200,83,12,35,8
42273,CS,78.315,14.24,9.455,4.88,3.725,8.775,43.895,7.125,2.86,buck cr.,4200,83,12,35,8
42274,CS,80.225,16.27,10.77,5.795,4.515,9.795,45.925,8.3,3.385,buck cr.,4200,83,12,35,8
42294,CS,66.375,13.305,8.785,4.425,3.65,8.11,37.785,6.5,3.095,buck cr.,4200,83,12,35,8
42295,CS,66.935,14.335,8.625,4.695,3.835,8.015,38.705,7.89,2.835,buck cr.,4200,83,12,35,8
41200,CS,79.765,15.465,10.28,5.395,4.025,9.25,48.355,8.415,2.05,long branch cr.,2400,83,12,35,17
41201,CS,84.165,16.815,11.68,5.985,3.365,10.655,49.025,10.695,2.545,long branch cr.,2400,83,12,35,17
41213,CS,78.85,15.315,9.765,5.48,3.37,8.7,44.36,8.34,2.82,cullowhee valley,2400,83,12,35,17
41214,CS,90.48,16.695,10.26,5.635,3.875,9.68,51.355,8.4,3.335,cullowhee valley,2400,83,12,35,17
41215,CS,91.65,17.795,11.36,5.415,4.615,10.44,54.44,9.15,3.035,cullowhee valley,2400,83,12,35,17
41216,CS,73.785,14.955,9.465,5.245,3.975,8.36,42.67,7.845,2.465,cullowhee valley,2400,83,12,35,17
41219,CS,100.92,16.175,12.105,7.305,4.5,11.29,61.235,11.595,3.99,cullowhee valley,2400,83,12,35,17
41220,CS,89.53,17.425,10.72,5.505,4.565,9.825,51.815,8.785,3.13,cullowhee valley,2400,83,12,35,17
28164,"NA",72.675,15.555,9.83,4.965,3.54,9.505,40.26,7.34,2.56,"ball cr., coweeta",4000,83,28,35,2
28164,"NA",84.27,16.525,11.42,5.46,4.07,11.015,47.1,9.655,3.21,"ball cr., coweeta",4000,83,28,35,2
28164,"NA",94.375,18.965,12.63,6.04,4.535,11.535,52.645,10.465,2.855,"ball cr., coweeta",4000,83,28,35,2
28164,"NA",70.12,15.7,9.9,4.445,3.415,9.385,41.9,7.63,2.5,"ball cr., coweeta",4000,83,28,35,2
28164,"NA",77.265,16.085,10.4,4.705,3.855,9.89,42.75,8.31,2.355,"ball cr., coweeta",4000,83,28,35,2
28164,"NA",73.33,15.585,10.32,4.805,2.98,9.97,39.855,8.64,2.32,"ball cr., coweeta",4000,83,28,35,2
28164,"NA",72.7,14.41,10.055,4.7,3.39,9.85,42.32,8.78,2.185,"ball cr., coweeta",4000,83,28,35,2
28164,"NA",96.47,19.745,13.065,6.86,5.31,12.15,57.43,11.54,2.59,"ball cr., coweeta",4000,83,28,35,2
28164,"NA",81.7,17.665,11.355,5.875,3.42,11.025,46.595,9.68,2.95,"ball cr., coweeta",4000,83,28,35,2
28178,"NA",64.985,14.33,9.46,4.24,3.28,9.11,36.05,7.925,2.74,deep gap,4300,83,33,35,2
28178,"NA",86.34,16.635,11.055,5.195,3.94,10.375,46.52,9.76,2.49,deep gap,4300,83,33,35,2
28178,"NA",86.94,17.49,11.87,5.285,3.86,11.28,48.9,10.32,2.24,deep gap,4300,83,33,35,2
28178,"NA",75.91,14.77,10.44,5.46,3.285,10.085,43.51,8.485,2.505,deep gap,4300,83,33,35,2
28181,"NA",69.01,15.075,9.525,4.625,3.645,9.285,40.49,7.275,2.335,"ball cr., coweeta",4000,83,28,35,2
28181,"NA",64.79,14.505,9.035,3.85,2.615,8.555,35.19,6.415,2.19,"ball cr., coweeta",4000,83,28,35,2
28181,"NA",98.675,20.235,13.305,6.595,4.785,12.805,56.785,10.92,3.66,"ball cr., coweeta",4000,83,28,35,2
41272,"NA",84.955,17.51,11.615,5.215,4.205,10.6,49.775,10.205,2.945,wayah bald,5200,83,34,35,11
41273,"NA",62.825,13.34,8.98,4.055,3.085,8.545,36.065,6.92,2.455,wayah bald,5200,83,34,35,11
41274,"NA",93.81,19.675,12.715,5.76,4.355,12.445,54.98,9.765,2.575,wayah bald,5200,83,34,35,11
42221,"NA",81.185,15.445,10.755,5.595,3.955,9.625,45.42,8.01,3.455,wayah bald,5200,83,34,35,11
42222,"NA",77.185,15.48,11.14,4.89,3.86,10.62,44.815,8.57,3.095,wayah bald,5200,83,34,35,11
42230,"NA",93.945,19.395,11.5,5.645,4.565,10.745,55.455,8.68,3.38,wilson lick (wb),4400,83,35,35,10
42237,"NA",75.775,15.59,10.375,5.045,4,9.995,41.97,7.23,2.485,robin branch,4800,83,35,35,10
42238,"NA",87.44,17.125,11.565,5.13,3.98,11.305,50.915,8.175,3.645,robin branch,4800,83,35,35,10
42239,"NA",77.495,15.96,10.18,4.95,4.065,9.655,41.1,8.13,2.675,robin branch,4800,83,35,35,10
42240,"NA",77.42,16.515,10.29,4.83,3.48,9.905,42.115,7.74,2.88,robin branch,4800,83,35,35,10
42241,"NA",73.57,14.61,10.115,4.61,4.105,9.34,41.815,7.11,2.7,robin branch,4800,83,35,35,10
42242,"NA",79.13,15.795,11.15,5.25,4.11,10.09,43.455,7.98,3.085,robin branch,4800,83,35,35,10
42245,"NA",65.59,13.595,8.95,4.47,3.215,8.545,35.475,6.555,2.14,robin branch,4800,83,35,35,10
42246,"NA",85.505,17.09,11.055,5.73,3.745,10.935,46.34,8.12,3.165,robin branch,4800,83,35,35,10
42247,"NA",77.83,16.44,10.09,5.1,4.83,9.74,41.27,8.04,3.575,robin branch,4800,83,35,35,10
42248,"NA",79.195,16.42,10.17,4.85,3.99,9.975,44.04,7.775,2.86,robin branch,4800,83,35,35,10
42249,"NA",80.79,16.83,10.825,4.965,4.12,10.39,46.06,8.53,3.095,robin branch,4800,83,35,35,10
42250,"NA",83.445,17.06,11.5,5.935,4.03,10.38,45.055,8.92,2.75,robin branch,4800,83,35,35,10
42251,"NA",70.27,14.88,10.615,5.165,3.84,9.26,38.355,7.48,2.805,robin branch,4800,83,35,35,10
42252,"NA",69.265,14.12,9.085,4.675,3.91,8.595,37.765,8.235,2.395,robin branch,4800,83,35,35,10
42253,"NA",76.105,15.135,10.25,5.39,3.895,9.75,41.225,8.29,3.015,robin branch,4800,83,35,35,10
42254,"NA",81.655,16.585,10.71,4.87,4.125,9.835,47.38,7.42,3.595,robin branch,4800,83,35,35,10
42257,"NA",96.125,18.885,12.685,6.875,5.005,11.21,53.965,11,3.595,wayah gap,4000,83,35,35,9
42258,"NA",93.48,18.43,11.935,6.34,5.945,11.155,52.91,11.575,3.885,wayah gap,4000,83,35,35,9
42259,"NA",91.3,18.61,10.875,5.81,4.5,10.865,50.24,9.05,3.535,wayah gap,4000,83,35,35,9
42260,"NA",85.47,18.065,11.315,6.04,4.095,10.21,49.4,8.745,3.58,wayah gap,4000,83,35,35,9
42261,"NA",82.64,17.295,9.965,5.515,4.165,9.55,46.315,7.945,2.89,wayah gap,4000,83,35,35,9
42262,"NA",91.71,18.27,11.86,5.935,4.89,11.145,52.885,8.135,2.49,wayah gap,4000,83,35,35,9
42263,"NA",73.645,16.335,9.87,4.68,3.585,9.405,43.45,7.395,2.37,wayah gap,4000,83,35,35,9
42264,"NA",73.29,15.685,9.545,4.57,3.245,9.325,40.27,6.42,2.585,wayah gap,4000,83,35,35,9
42265,"NA",79.53,15.67,10.45,4.89,4.05,9.695,43.97,7.855,3.105,wayah gap,4000,83,35,35,9
42266,"NA",72.71,15.94,9.155,4.855,4.755,9.565,39.37,8.105,2.77,wayah gap,4000,83,35,35,9
42267,"NA",72.175,15.335,9.66,5.12,4.54,9.27,41.495,7.435,2.75,wayah gap,4000,83,35,35,9
42268,"NA",65.52,14.085,8.48,4.955,3.44,8.3,35.735,6.955,2.675,wayah gap,4000,83,35,35,9
42275,"NA",66.095,14.56,8.62,4.19,3.75,7.435,38.455,6.875,1.62,wayah bald,5200,83,34,35,11
42277,"NA",68.87,13.9,8.775,4.7,3.5,8.16,38.99,6.28,3.325,wayah bald,5200,83,34,35,11
42278,"NA",79.11,16.365,10.37,5.745,4.57,9.6,43.79,9.38,3.445,wayah bald,5200,83,34,35,11
42280,"NA",74.705,15.98,10.13,4.86,4.01,9.71,41.99,7.945,2.985,wayah bald,5200,83,34,35,11
42282,"NA",96.2,18.79,11.945,7.775,5.035,11.765,55.37,10.315,3.725,wayah bald,5200,83,34,35,11
42292,"NA",64.84,15.015,9.62,4.96,3.42,8.295,33.69,7.035,2.205,rattlesnake spr.,5200,83,35,35,10
42298,"NA",72.15,14.98,8.675,4.02,2.98,9.07,40.3,6.47,1.695,rattlesnake spr.,5200,83,35,35,10
42299,"NA",73.335,15.225,10.33,4.83,3.4,10.26,39.115,8.79,2.235,rattlesnake spr.,5200,83,35,35,10
42300,"NA",79.775,16.235,10.165,5.295,4.185,10.13,43.275,9.09,2.295,rattlesnake spr.,5200,83,35,35,10
42301,"NA",77.52,15.51,10.535,5.505,4.38,9.585,41.21,8.685,2.48,rattlesnake spr.,5200,83,35,35,10
42303,"NA",71.915,14.7,9.005,4.25,3.67,8.73,41.52,6.875,2.86,rattlesnake spr.,5200,83,35,35,10
42305,"NA",70.79,13.96,7.89,4.935,3.92,8.975,39.95,7.68,3.395,wayah bald,5200,83,34,35,11
42306,"NA",76.56,15.89,9.935,5.215,4.105,8.465,43.055,7.345,2.93,wayah bald,5200,83,34,35,11
42307,"NA",74.485,15.415,9.85,5.19,3.885,9.845,42.47,8.36,3.135,wayah bald,5200,83,34,35,11
42308,"NA",77.12,15.72,10.13,5.22,4.24,9.055,43.77,7.63,3.125,wayah bald,5200,83,34,35,11
42309,"NA",69.52,14.71,9.395,5.32,3.62,8.605,38.23,7.54,2.6,wayah bald,5200,83,34,35,11
42310,"NA",88.675,18.115,12.14,5.71,4.065,11.19,51.245,8.65,2.74,wayah bald,5200,83,34,35,11
42311,"NA",75.66,15.865,10.505,5.73,3.975,9.335,41.23,9.285,2.6,wayah bald,5200,83,34,35,11
42312,"NA",84.39,16.83,10.515,5.515,4.465,10.565,48.08,9.785,3.29,wayah bald,5200,83,34,35,11
42313,"NA",89.395,17.815,11.355,6.265,3.935,11.08,51.605,9.125,3.17,wayah bald,5200,83,34,35,11
42315,"NA",98.75,18.615,13.015,7.185,4.635,11.74,57.54,11.955,3.18,wayah bald,5200,83,34,35,11
42316,"NA",77.03,15.305,9.57,4.715,3.805,9.79,42.8,6.92,3.21,wayah bald,5200,83,34,35,11
42317,"NA",77.255,15.835,10.84,5.185,3.71,10.415,43.665,8.255,2.46,wayah bald,5200,83,34,35,11
42318,"NA",80.26,15.84,10.58,5.935,3.825,10.17,44.08,9.12,2.92,wayah bald,5200,83,34,35,11
42320,"NA",78.595,16.07,10.245,5.415,4.31,9.575,43.415,7.63,3.15,wayah gap,4000,83,35,35,9
42322,"NA",103.53,19.9,12.815,6.02,5.225,11.505,58.29,9.83,3.395,wayah gap,4000,83,35,35,9
42323,"NA",88.565,18.04,11.41,5.76,4.325,10.865,52.14,9.225,4.195,wayah gap,4000,83,35,35,9
42324,"NA",99.855,19.79,12.835,6.84,4.36,11.91,57.15,10.355,3.45,wayah gap,4000,83,35,35,9
42326,"NA",65.54,13.815,8.85,4.51,3.01,8.465,35.46,7.405,1.69,wilson lick,4000,83,35,35,9
42350,"NA",90.98,18.165,9.59,6.58,4.59,10.63,51.175,9.2,3.705,wayah bald,5200,83,34,35,11
42351,"NA",94.215,18.63,12.375,5.785,4.94,11.275,55.65,9.69,3.44,wayah bald,5200,83,34,35,11
42353,"NA",82.865,16.125,10.75,5.465,4.44,10.075,46.595,8.24,3.215,wayah bald,5200,83,34,35,11
42354,"NA",80.525,16,10.74,5.485,4.13,10.45,46.67,8.18,3.21,rattlesnake spr.,5200,83,35,35,10
42356,"NA",65.245,13.545,8.69,4.9,3.465,7.495,36.73,6.665,2.545,rattlesnake spr.,5200,83,35,35,10
42358,"NA",90.585,17.205,10.675,5.085,4.74,10.18,53.235,8.77,3.47,standing indian,3600,83,32,35,4
42359,"NA",68.84,15.455,9.82,4.855,3.4,9.32,41.27,7.715,2.61,standing indian,3600,83,32,35,4
42360,"NA",72.145,14.845,9.735,4.85,4.14,9.065,37.64,7.185,2.47,standing indian,3600,83,32,35,4
42361,"NA",72.01,15.18,10.35,4.89,4.1,9.155,40.935,7.44,3.89,wayah gap,4000,83,35,35,9
42362,"NA",75.9,15.955,10.69,5.585,4.175,9.755,41.795,9,3.07,wayah valley,difficult to figure out where this locality is,NA,NA,NA,NA
42366,"NA",68.725,14.47,9.775,5.29,3.93,8.88,38.17,8.17,3.315,wayah crest campground,4000,83,35,35,9
42367,"NA",67.925,15.07,9.82,5.085,3.465,9.41,37.71,6.98,2.505,rattlesnake spr.,5200,83,35,35,10
42396,"NA",95.28,18.795,12.185,5.83,3.965,11.46,56.645,8.625,3.555,wayah bald,5200,83,34,35,11
42397,"NA",91.23,18.895,12.675,5.56,4.67,11.845,54.82,8.605,3.265,wayah bald,5200,83,34,35,11
42400,"NA",72.145,15.6,10.8,4.48,3.305,9.94,42.785,7.89,2.38,robin branch,5200,83,35,35,10
42401,"NA",77.305,17.54,10.275,4.935,3.725,10,44.2,7.94,2.585,robin branch,5200,83,35,35,10
42402,"NA",94.88,18.79,13.125,5.615,4.565,12.305,55.985,9.63,3.545,robin branch,5200,83,35,35,10
42406,"NA",95.98,19.155,13.16,6.33,5.375,12.575,53.56,9.825,2.47,wayah bald,5200,83,34,35,11
42407,"NA",103.02,20.065,13.645,5.995,4.415,13.24,62.25,9.675,3.215,wayah bald,5200,83,34,35,11
42408,"NA",85.085,17.07,10.955,5.19,3.91,10.49,49.015,9.125,2.8,wayah bald,5200,83,34,35,11
42409,"NA",77.195,16.415,10.905,4.92,4.08,10.5,44.17,8.65,2.505,wayah bald,5200,83,34,35,11
42410,"NA",74.565,15.05,9.885,4.11,3.51,9.485,41.815,6.295,2,wayah bald,5200,83,34,35,11
42412,"NA",74.475,15.085,10.055,4.555,3.45,9.545,43.465,7.23,2.45,wayah bald,5200,83,34,35,11
42414,"NA",82.11,16.865,11.66,5.39,4.045,11.13,46.53,9.28,3.23,wayah bald,5200,83,34,35,11
42415,"NA",87.72,17.215,11.69,5.3,4.08,11.495,51.535,9.265,2.67,wayah bald,5200,83,34,35,11
42416,"NA",81.68,16.955,11.29,4.625,3.91,10.95,46.99,8.3,3.135,wayah bald,5200,83,34,35,11
42417,"NA",73.425,14.05,9.865,4.755,3.79,9.625,42.93,7.125,2.345,wayah bald,5200,83,34,35,11
42418,"NA",98.365,19.615,13.35,5.595,4.64,12.885,55.265,9.285,3.475,wayah bald,5200,83,34,35,11
42419,"NA",70.515,14.775,9.585,4.595,3.33,9.145,41.31,7.165,2.3,wayah bald,5200,83,34,35,11
42420,"NA",77.635,15.965,11.175,4.94,4.23,10.16,42.275,8.38,2.46,wayah bald,5200,83,34,35,11
42421,"NA",75.535,16.575,10.15,4.515,3.82,9.875,43.535,6.695,2.77,wayah bald,5200,83,34,35,11
42423,"NA",88.765,18.425,12.055,5.3,4.085,10.785,51.85,9.01,3.09,wayah bald,5200,83,34,35,11
42424,"NA",86.62,18,12.405,5.675,4.82,11.82,49.36,8.935,3.06,wayah bald,5200,83,34,35,11
42426,"NA",65.155,14.68,10.03,4.72,3.83,9.27,37.06,7.055,2.135,wayah bald,5200,83,34,35,11
42429,"NA",67.745,14.76,10.105,4.54,3.42,9.855,37.8,8.22,2.5,wayah bald,5200,83,34,35,11
42430,"NA",70.745,15.76,10.41,4.155,3.76,9.605,39.87,6.995,2.195,wayah bald,5200,83,34,35,11
42431,"NA",76.16,15.01,10.8,5.02,3.565,10.225,43.095,8.405,2.845,wayah bald,5200,83,34,35,11
42432,"NA",79.16,17.08,10.855,4.795,4.075,10.43,44.64,8.405,3.05,wayah bald,5200,83,34,35,11
42433,"NA",89.04,18.605,12.59,5.73,4.4,11.84,50.91,10.185,3.125,wayah bald,5200,83,34,35,11
42434,"NA",100.995,19.72,13.66,7.24,5.2,13.015,58.84,11.38,3.48,wayah bald,5200,83,34,35,11
42435,"NA",98.93,20.275,13.62,6.505,5.295,12.565,53.945,11.1,3.51,wayah bald,5200,83,34,35,11
42436,"NA",101.965,20.62,14.045,6.67,5.2,13.525,60.22,11.12,3.05,wayah bald,5200,83,34,35,11
42437,"NA",105.415,19.705,15.32,8.105,5.795,14.615,60.415,13.095,3.995,wayah bald,5200,83,34,35,11
42438,"NA",95.82,19.155,12.31,6.52,4.455,11.965,55.735,9.605,3.69,wayah bald,5200,83,34,35,11
42439,"NA",89.58,17.655,12.8,5.67,4.57,12.255,52.585,9.86,2.895,wayah bald,5200,83,34,35,11
42440,"NA",78.38,16.305,10.72,4.825,3.495,10.15,43.945,7.815,2.56,wayah bald,5200,83,34,35,11
42441,"NA",77.315,16.45,11.27,5.445,3.635,10.655,43.155,9.545,2.725,wayah bald,5200,83,34,35,11
42444,"NA",72.585,15.575,10.325,5.05,3.69,9.84,41.76,7.785,3.19,wayah bald,5200,83,34,35,11
42445,"NA",85.405,17.69,12.015,5.585,4.285,11.35,47.65,8.655,3.34,wayah bald,5200,83,34,35,11
42446,"NA",84.46,18.195,11.83,5.99,4.365,11.55,48.735,8.69,3.185,wayah bald,5200,83,34,35,11
42447,"NA",80.92,17.605,11.775,5.52,3.985,11.36,44.605,8.965,2.65,wayah bald,5200,83,34,35,11
42448,"NA",95.86,19.935,12.775,6.63,5.105,11.805,53.425,9.745,3.54,wayah bald,5200,83,34,35,11
42449,"NA",93.17,18.095,12.57,5.855,4.645,11.955,54.945,10.38,2.99,wayah bald,5200,83,34,35,11
42450,"NA",104.5,21.835,13.99,6.655,5.21,13.285,58.535,10.85,3.445,wayah bald,5200,83,34,35,11
42453,"NA",69.38,13.775,9.245,4.42,3.445,8.945,40.13,6.535,2.23,wayah bald,5200,83,34,35,11
42454,"NA",102.525,20.965,14.09,6.735,5.25,13.35,59.375,10.36,3.77,wayah bald,5200,83,34,35,11
42455,"NA",68.275,14.725,9.625,4.46,3.33,9.515,39.15,6.715,2.465,wayah bald,5200,83,34,35,11
42456,"NA",73.165,15.325,10.28,5.27,3.73,9.77,42.26,7.475,2.65,wayah bald,5200,83,34,35,11
42696,PD,71.14,15.03,9.735,4.42,3.515,9.55,40.585,7.38,2.54,jocassee,difficult to figure out where this locality is,NA,NA,NA,NA
42697,PD,72.505,15.56,9.52,3.855,3.265,9.16,39.44,7.2,2.23,jocassee,(I think it's now under a manmade lake [and Brandon's landmarks]),NA,NA,NA,NA
42705,PD,70.815,14.97,9.2,4.305,3.515,9.095,38.925,7.935,2.845,clemson forest,800,82,51,34,45
42706,PD,81.185,16.14,10.145,5.27,4.025,9.63,45.92,9.1,2.425,clemson forest,800,82,51,34,45
42707,PD,79,15.31,10.18,4.945,2.91,9.755,45.585,8.8,3.2,clemson forest,800,82,51,34,45
42713,PD,82,16.855,10.455,5.435,4.13,10.17,46.04,9.53,3.31,clemson forest,800,82,51,34,45
42715,PD,78.055,15.27,9.935,5.415,3.73,9.745,45.53,8.425,2.76,clemson forest,800,82,51,34,45
42716,PD,70.665,15.24,10.28,5.115,4.275,10.125,40.23,7.93,2.825,clemson forest,800,82,51,34,45
42719,PD,77.555,15.285,10.805,5.58,3.36,10.13,44.575,7.78,3.19,clemson forest,800,82,51,34,45
42720,PD,74.775,15.015,10.02,4.68,3.695,9.875,42.765,8.04,3.6,clemson forest,800,82,51,34,45
42721,PD,75.5,15.585,9.915,5.29,4.115,9.805,43.62,8.165,3.53,clemson forest,800,82,51,34,45
42723,PD,76.25,14.965,9.785,4.76,4.365,9.495,43.605,7.775,3.155,clemson forest,800,82,51,34,45
42725,PD,77.515,15.235,10.215,4.73,4.275,9.96,45.745,7.745,2.595,clemson forest,800,82,51,34,45
42727,PD,72.54,14.185,9.575,4.26,3.42,9.415,43.26,7.76,2.885,clemson forest,800,82,51,34,45
42737,PD,82.73,16.26,10.4,5.275,3.925,10.065,50.435,8.575,3.115,clemson forest,800,82,51,34,45
42738,PD,73.515,14.935,9.495,4.41,3.515,9.7,42.035,7.45,3.015,clemson forest,800,82,51,34,45
42741,PD,71.485,13.98,9.715,4.26,3.26,9.47,40.25,7.74,2.545,clemson forest,800,82,51,34,45
42742,PD,79.315,15.585,10.175,5.06,3.565,9.85,45.805,7.925,3.125,clemson forest,800,82,51,34,45
42746,PD,75.54,14.295,9.47,4.36,3.315,9.11,44.67,7.895,3.255,clemson forest,800,82,51,34,45
