specimen,population,HdLngth/SVL,HdWdth/SVL,HdDpth/SVL,EyeNost/SVL,Gape/SVL,TrunkLgth/SVL,TrunkWdth/SVL,3rdtoehind/SVL
40779,BA,0.6570175929616034,0.5573048102858148,0.3800563748074949,0.305634652674063,0.5452288006750237,0.8658293092584752,0.5168658896852928,0.29282982331341273
40780,BA,0.6624925036130045,0.5644691232555893,0.40540374279160285,0.3045684733286861,0.5584045539498256,0.863675227390643,0.5275869306359646,0.294009875661632
40789,BA,0.6432712789654504,0.5402329654493512,0.35585765676409425,0.3149362561813807,0.531534337884446,0.8729512097172157,0.5050642590863272,0.21836513885516087
40790,BA,0.6566436621969528,0.5347752604427234,0.3608636107960661,0.3539349404490043,0.5300094564382903,0.8517471602371158,0.4638520813601157,0.22614290082849842
40963,BA,0.6329596157231894,0.5175523397949707,0.3858144039094106,0.2923391891732642,0.49082506918297963,0.8628933792444604,0.4568445114777579,0.26786418278187096
40964,BA,0.650136587723318,0.5202251236644715,0.3988482576411825,0.33218839494694796,0.5045085528469576,0.8430654912728551,0.4925065657106439,0.27251282489420536
40965,BA,0.6407922660801074,0.5371821677336082,0.421281941887985,0.33538862577829937,0.5154508056035616,0.8781982450303316,0.5349262940470414,0.2843016868826177
40966,BA,0.6516661332115171,0.5488719063671259,0.4139977435161282,0.34733073668339043,0.5262492513335459,0.8713008622169508,0.5238340064187846,0.2659402330835273
40967,BA,0.6452653782275573,0.534102613609032,0.38562004602601047,0.3538534803947547,0.5186547883751861,0.8707909965389619,0.5165635521990322,0.28674875205359973
40968,BA,0.6198704616974716,0.5363759807441231,0.3724480530517636,0.296275946977489,0.5080610401539594,0.8719687939174492,0.4950134770832176,0.2472735830813256
40969,BA,0.6389263262164088,0.5423144856827157,0.3826656593541986,0.32135178257067587,0.527598624439624,0.8600867741923748,0.4754053383660184,0.2987427870233383
40970,BA,0.627233265314342,0.5298588188665214,0.38939102225289857,0.33115549422292456,0.5219234611768692,0.8611627059538703,0.47427743516708265,0.24857909726017396
40971,BA,0.6395124377229685,0.5300179873310007,0.37320584979968385,0.34707350306551366,0.5229002909684439,0.873246559586063,0.4991196434508388,0.24384113423595996
40972,BA,0.6397668059774971,0.524143418519254,0.37812456452252113,0.28631685030951226,0.5113605667258282,0.8684995272916713,0.46887401176296795,0.23725455963398673
40973,BA,0.6245490443979143,0.5292644540067702,0.37240781402004486,0.36213907660254374,0.5110241818162837,0.8630038308913706,0.4710439307495348,0.3031612073161588
40974,BA,0.6377590704198007,0.5331061647727943,0.43101880892861644,0.3544771988654288,0.5199528729313293,0.8715559517453124,0.49992648478704366,0.2895781947379797
40975,BA,0.6471874848250069,0.5330517090875666,0.3648877315876842,0.35417226192702633,0.5092687268380236,0.8696550240630639,0.4716504115861832,0.24896801924825823
40976,BA,0.6342585043872205,0.534195863945453,0.39952542174821165,0.3126770348025609,0.5168697241536447,0.8690034517009362,0.492552450748609,0.27685242258095133
40977,BA,0.6301042653643114,0.514026065615846,0.31989121484273364,0.33131713641561455,0.5002020626324932,0.8524487922199844,0.4105047737808531,0.24645335845285507
40978,BA,0.6325980125754079,0.5356656706798215,0.39254971399894595,0.28807612762797663,0.5072792502267313,0.8509820157371446,0.4616783696060575,0.26902643111658553
40979,BA,0.6437041351883235,0.5366922463515426,0.3971304671260348,0.38087424990626667,0.4966049992700021,0.8608982152734004,0.4986181129429829,0.2623590885469513
40980,BA,0.6376625027489191,0.5348626104614154,0.3597059411613294,0.29955965518734406,0.5161444054704697,0.8680335249221223,0.4679885719714587,0.2911105209840651
40981,BA,0.6345261937864196,0.535685753544187,0.4108538434580264,0.3234978177820803,0.5191712378283146,0.8751959279101694,0.5065512849794948,0.2803235788337869
41095,BA,0.5983894053309592,0.5211220868840024,0.365921650914366,0.3057386743027431,0.5063862284194679,0.8559527469225057,0.467765768857186,0.24945952532075735
41006,BR,0.6381571858898304,0.5493416336769816,0.37848519058269003,0.31745442049198347,0.508092554621747,0.85022182354153375,0.4546645789498681,0.21819325962850583
41045,BR,0.6239824369833631,0.5175874143756733,0.3396956861589563,0.2963844954616725,0.5048663686702385,0.8558846280893962,0.4846489163641821,0.2531075686169422
41046,BR,0.6201979994495119,0.5435980023882697,0.37575213254960194,0.2772268568995863,0.5089241378741166,0.8687522148613186,0.4957006160357322,0.20770881589787568
41048,BR,0.6123706879231666,0.5166577785464941,0.33700074034574906,0.29175121440559815,0.5231703080233484,0.8556931774976136,0.4526474428375244,0.18315027779483614
41049,BR,0.6417276630220321,0.5326983453963615,0.44059012863845953,0.36088710435399235,0.5271323765085062,0.8700561659943671,0.5218789555719191,0.2917011966224606
41050,BR,0.6074309293750015,0.5052975199557139,0.3614890186994376,0.23405952654549722,0.494773324318439,0.8621641421706582,0.44368243908625676,0.2292277455295462
41051,BR,0.6116830893160189,0.5176618980466429,0.3424378140716258,0.3037946441897212,0.5143579698694546,0.8659968126944465,0.4444311012088573,0.26164358243593533
41056,BR,0.6149509438466932,0.5304335240157398,0.3781690613471251,0.32369834320057406,0.5124641958469983,0.867431511461102,0.49477440820864865,0.2332564490355783
41057,BR,0.6278151423297648,0.5175194652965782,0.3524758344418804,0.30673718510779685,0.5205534463233759,0.863801387185466,0.4601098074619535,0.25020067004996527
41058,BR,0.6371370717541831,0.5456753591091141,0.3836404169783131,0.2827175435607984,0.5270700522190863,0.8793948901039063,0.47003413895778723,0.2712019813644066
41059,BR,0.6180269253345642,0.511331328893276,0.3744367691828401,0.31690430130447206,0.5030167171368816,0.8596027611342566,0.4650033958315966,0.22072958949586946
41060,BR,0.6346660612790398,0.5340373985312004,0.40667554997998556,0.33976142827289413,0.511587949916495,0.8704347553193409,0.4479160466730237,0.23259477989040933
41061,BR,0.6175932000139633,0.516770991875265,0.34874104922538696,0.2748158537730153,0.5018360751466532,0.8662049602640253,0.4496121092091734,0.21998841191870563
41062,BR,0.6213268598340833,0.5251412147773935,0.3796334360851697,0.27727428090599854,0.5170816851634341,0.8666542522814951,0.48723922137494097,0.2691039496459326
41063,BR,0.6136662156446886,0.5071943887817892,0.3611432233702102,0.324605836868385,0.4927970694328388,0.8610629090664517,0.48824122246057083,0.1180064540673736
41064,BR,0.60116655119916,0.5167516529188294,0.3911954543586583,0.2300935559898698,0.5106677048070487,0.8752217417349295,0.4710563964853382,0.21446649868683326
41065,BR,0.6280057242540631,0.5360308804357627,0.4139313863188179,0.3138280388145369,0.5193007625860668,0.8684578429606646,0.4839936148257611,0.2900821092617754
41066,BR,0.6169055472880303,0.5380311124036872,0.38452399634888523,0.3113559041692417,0.511094278378897,0.8720424930591846,0.4742669135010894,0.2522596655558301
41067,BR,0.635376334086353,0.5334999518614503,0.38465526856682986,0.3358609666893643,0.5145969562383408,0.8593479472503475,0.45429267137650065,0.2146059536477239
41069,BR,0.6192450142965126,0.5220727081936649,0.36374876533533634,0.24002324336311334,0.5008775104715549,0.8541386344447157,0.4481703774834219,0.20465284474020365
41070,BR,0.6211636977529965,0.5150173622609677,0.38782919404042093,0.30480974475896894,0.5133890556000983,0.8600332620002263,0.4982082714103946,0.27809995015109223
41071,BR,0.6335981747680964,0.5299093384503221,0.38946108665892715,0.3058934510868952,0.5146999068961101,0.8636403798970899,0.48003609648779433,0.22444073954099542
41072,BR,0.6287002255311255,0.5437270658650125,0.38901208573696094,0.3099890571364106,0.5313666358926624,0.8643524757011387,0.45881002346806427,0.2615277005876145
41073,BR,0.6095552813450004,0.5043939034356788,0.36588261614002593,0.2938115650976363,0.48189945781700844,0.8584308994581085,0.4402674731389786,0.21965105750745637
41074,BR,0.6100864979204288,0.5163099391727803,0.35381519482335677,0.2759177859046046,0.5140017770367036,0.8640858979312449,0.46086086047968894,0.23985851889276794
41075,BR,0.6176692135460232,0.5328399921145697,0.3830454113615014,0.3067624696668889,0.5120193768962911,0.8582887438521705,0.47355408991498366,0.2135324598476479
41076,BR,0.6274444665066918,0.5386008372208023,0.38184546755960774,0.31146699337486355,0.5357357184791962,0.8550044656218295,0.4960513889840593,0.24439930783758934
41077,BR,0.6183772484563517,0.5291008726415432,0.38715647600142933,0.33635963031133537,0.506649358889737,0.8680150053947601,0.4901544085961963,0.20244820124056107
41078,BR,0.6236374776261924,0.5263696156036808,0.38405882672132136,0.30461910395137887,0.5018859546938513,0.8584380836133578,0.45384203569310455,0.25396604012463875
41079,BR,0.6254321550356441,0.5163090312909259,0.36691202973540904,0.3357876264246825,0.5055198853266807,0.8485667619392849,0.4186406951855666,0.2403075676956211
41082,BR,0.6155988099356783,0.5317164570547388,0.37882587325581973,0.2950559480601989,0.5190644271672495,0.8633700491365037,0.4200317221068379,0.25519011152990817
41083,BR,0.621657020229837,0.5039389481630804,0.34424949003229055,0.30129490347532883,0.48835220563992116,0.8549367039442742,0.458222283785133,0.2187852195552507
41084,BR,0.6291740326692223,0.4238467963826997,0.3513959021387525,0.302321754583082,0.49976175764023223,0.8668431346681456,0.4349304363757428,0.25917989664349395
41088,BR,0.6281341107563111,0.5298102695246091,0.3771537294936325,0.28688660402236615,0.5160278371739696,0.861186364166765,0.46679949128018683,0.2494182185517268
41089,BR,0.6222577039087364,0.5070995979660371,0.3509481350866267,0.2913231686072734,0.5006245399978697,0.8527660231995764,0.43961945054250284,0.24067063502627614
41090,BR,0.6096894192102161,0.509804489704639,0.34593929942405954,0.28808388315694267,0.5054920669686281,0.8651188687084147,0.44862122197498366,0.23652655882927137
41091,BR,0.616707789734405,0.5300144623894073,0.36974334192333114,0.30974805351257245,0.5082061588644466,0.8661991713459253,0.4727851136527041,0.27319898255972375
41093,BR,0.6243589783641101,0.5094968837047062,0.36798296514729906,0.2513511112378826,0.49485629866768693,0.8550826503478057,0.44623362115062276,0.226132028155025
41167,BR,0.6254383274003549,0.5104307284924348,0.3755774847549481,0.2796132727197193,0.5017566429670187,0.856243534556521,0.5124439015997377,0.21766030201439543
41168,BR,0.6326977565430222,0.5332413171839696,0.39809397673067537,0.3103967443676711,0.5026063723910209,0.872434863828366,0.5209605226323535,0.22348973601061595
41169,BR,0.615749609543818,0.5102751075380397,0.39058080975407433,0.3127006422634155,0.4949397160710095,0.8621545012909019,0.4714994419571634,0.17327450747174153
41180,BR,0.6246174107886862,0.5392085823341438,0.3917794488138146,0.30366968168232394,0.5149163440260147,0.8582744815717162,0.5054427784818033,0.2274086902043097
42168,BR,0.6232615957183861,0.4806089066132478,0.32000816293052864,0.3060326774587682,0.46553946954676223,0.8326858689947976,0.4284963363090504,0.13064095736959766
42172,BR,0.6321423123419343,0.5452182296060276,0.35579807723915097,0.34878326504659724,0.5252454771212247,0.8646058299431335,0.48292947466949615,0.19634170148245197
42177,BR,0.6228831282936743,0.5412916038801634,0.3232455275911821,0.22867572777792716,0.5215531589372147,0.8680249673555139,0.4496161840993421,0.16826730434047968
42178,BR,0.6273125878142115,0.537037624118645,0.3533107089294763,0.29705804995414914,0.5323731350409424,0.8735822944189584,0.47831911521693066,0.22933206693474653
42179,BR,0.6231598339091783,0.5132529826973452,0.3163859803842278,0.2735133165351615,0.509511902898155,0.8736711316936328,0.461244560528373,0.24586272033614648
42180,BR,0.6285989845233375,0.5480062632936852,0.3787135266927545,0.30383466803773,0.5338610545574057,0.8742394913718821,0.5064922022293662,0.17468835764832064
42181,BR,0.6377248794443222,0.5288169310103875,0.34048103416878295,0.2497448437100126,0.5196956236170535,0.8649935867601474,0.48454388506117646,0.200956430615255
42182,BR,0.6257438884430698,0.5326692715030709,0.36672471639325754,0.2730286336363759,0.5199147420000472,0.8702847308427508,0.4753263010503723,0.20675772288045277
42183,BR,0.6252239840532139,0.532476161266255,0.3520305996524738,0.3001159362719426,0.516762897751147,0.8792140444403513,0.4781314404453749,0.22314669087711028
42184,BR,0.6305482176336134,0.5279199864308443,0.3377529644748548,0.2630912636562579,0.521978668946422,0.8484618716253445,0.4568976827936932,0.1937203597746317
42185,BR,0.6223568417879529,0.5229241200891502,0.33293408906715416,0.290114403260231,0.5176334766368395,0.868531401734278,0.4305673779283612,0.12545557600065024
42186,BR,0.6203874375269518,0.5143699401258756,0.33180788962774527,0.2885494318386804,0.5091356586934573,0.8643360721797628,0.44526475035300206,0.1817020209069279
42187,BR,0.6218729062232227,0.5256895189617652,0.34070709601249316,0.2606526174546418,0.5237178354171607,0.8688038909592554,0.4621980908410607,0.18874916074898776
42191,BR,0.6362088663310344,0.5162347422905998,0.3509620622710374,0.25037713836515996,0.5125983388002051,0.8525452028353306,0.47518188687674867,0.24706661901033913
42193,BR,0.6089984976073358,0.5127705100330208,0.32403021858884956,0.293517018524297,0.5077510980424266,0.8529705913933763,0.4542391343828356,0.19896368394041308
42194,BR,0.6261888527745596,0.5199105318506209,0.3273178334106618,0.2662302134345311,0.514212529681753,0.8763025063163097,0.4625490955476139,0.2117663264492145
42195,BR,0.6407476812929666,0.5169696890379016,0.33661698574042476,0.23205290379646007,0.5115883875270509,0.8646741327369494,0.48400038604728207,0.17260398495512022
42197,BR,0.625601133869695,0.5238654057472268,0.32745817810081934,0.2897347536645164,0.5103239584352163,0.8637962448677362,0.45702305666137777,0.17420154250476474
42199,BR,0.6232164227358397,0.5247218896047303,0.33766235313788284,0.23497865931655285,0.5133075679811591,0.8730875864097978,0.45000368851161876,0.1835011862050707
42201,BR,0.6393589919415925,0.5363471007881544,0.38588164052863455,0.30051789604374196,0.5343915274940707,0.8827772955904037,0.4782558732185413,0.1754482806160133
42202,BR,0.6341268592037567,0.5205116496005958,0.34237114319226286,0.28854717698962434,0.5112689813767515,0.8677881104361451,0.459486770826246,0.1916535625036579
42203,BR,0.638179935455341,0.5174249240986466,0.33920420791487876,0.28289763753273384,0.5153985945382306,0.8659836527623918,0.4279996374450983,0.1101609098254157
42205,BR,0.6244822572540465,0.5272808958565761,0.33421830949371273,0.3047731676927515,0.5199749711099585,0.8702223405684829,0.46933474500692757,0.22735075026166116
42206,BR,0.641040059062054,0.5445849027220819,0.37018300075302313,0.3244867813288152,0.5366385968674372,0.8775295729098724,0.4926767139133327,0.23780137735980625
42207,BR,0.6306030109184639,0.5179385135855716,0.30949666347165017,0.26040979285281834,0.5122453119405452,0.8682201711115597,0.4402798802293867,0.17010995249384195
42208,BR,0.6375198595383182,0.5380300546510797,0.3208001692732004,0.3031814560822177,0.5164737095361952,0.8543560241601676,0.4614236876726135,0.1711568690640959
42209,BR,0.623199259087382,0.5176263611538667,0.319299946054351,0.28380057268022096,0.504150917933146,0.8612062377121198,0.43939876324150845,0.16923627157001836
42210,BR,0.6198471013748377,0.5141272975707745,0.31411982471377525,0.25370477904656313,0.5111566158563752,0.8533452667710427,0.4066834283948377,0.17622998726970263
42212,BR,0.6219302549251282,0.51434848562613,0.33654374997533515,0.27147898101074053,0.5055591970098254,0.8531688852343146,0.42876345554476647,0.17466271495967342
42213,BR,0.6239232301403408,0.5237926404631064,0.33238703632582456,0.2590440200208988,0.5210075931040246,0.866244273149787,0.44930634484538007,0.18672446324976183
42215,BR,0.6354567910683561,0.5210380934202159,0.3238260920646409,0.2631860875105488,0.5083043867578251,0.8587849439485998,0.4688185994464509,0.1973683006828255
42216,BR,0.6083538294260941,0.5161549009591694,0.3137086114154661,0.2510969330042481,0.5084554425616958,0.8670824325161656,0.4407604454031846,0.198211404398568
42218,BR,0.6274913709031548,0.532571215128066,0.3289854476780502,0.2749218449000966,0.5219172211353995,0.8563663652655858,0.46275451543402746,0.20214018356080196
42564,BR,0.6439996237442567,0.5530904992315895,0.3632410139748975,0.2972183608873422,0.5414764376247159,0.8668562658015829,0.5371742863601748,0.23603889557386148
42565,BR,0.6366708864409604,0.5306811551071221,0.3318496231504451,0.28979302350767266,0.5112522760539748,0.8738339561960923,0.458558063001225,0.17464707119795955
42566,BR,0.6457394248996483,0.5274314947383054,0.35018854889952583,0.27677936178538615,0.5223332837202695,0.8798816583513059,0.45107196062788907,0.22175191714936365
42567,BR,0.6407545035384503,0.5240527706832147,0.34406890160866127,0.2676683622574768,0.5185591615582272,0.875234223703447,0.44862010473655084,0.22771670573410022
42568,BR,0.6395234926993791,0.5325740297797731,0.37165779095909424,0.30901211632843717,0.509691469411265,0.874989263992025,0.4768032837315825,0.19585338459561596
42569,BR,0.6506935747809546,0.541333996797977,0.3683629058920398,0.2628213085725133,0.5213619288721516,0.8735936460751355,0.46626360228116287,0.16908646476878253
42570,BR,0.6343028294902446,0.5316949939565444,0.3458324158942289,0.2807148740681218,0.5187234566914473,0.8633737837275549,0.5010836856611636,0.19157099272516837
42577,BR,0.6326026665040105,0.5404237795819551,0.37423291449396084,0.3142260775732039,0.5301577830936656,0.8647600692128875,0.502121980731951,0.21631740885440903
42578,BR,0.6418914556765424,0.551825446706405,0.35837449078380756,0.34604300082397876,0.5392893698999811,0.8639867994661588,0.518559202373649,0.16980338442473514
42579,BR,0.6241998316549633,0.5421106841228043,0.3583519408782189,0.30337205616421375,0.5225387852829823,0.872126728134013,0.49770052320129426,0.20927385184340186
42580,BR,0.640508605605571,0.5440575774599429,0.34124906534505756,0.28488638710417974,0.5386844135997542,0.86094836227361,0.5098165751447241,0.15286514702109189
42582,BR,0.6372542217911236,0.5372519412870637,0.3290805028837414,0.2899133790805437,0.5250721871240193,0.8629089257268514,0.4501265194326699,0.22162594789397297
42586,BR,0.6472562426624329,0.5449925080371965,0.3393528653392796,0.251330901608776,0.5260062446366723,0.863656266751002,0.46938724255251624,0.1997151388207731
42588,BR,0.6490739075248088,0.5226072467327563,0.3430680605673887,0.2690784309758853,0.508521666089981,0.8715735413977099,0.452967229505712,0.17563592308046005
42589,BR,0.6367580282826172,0.5364432855263221,0.3437425519401205,0.29139232989258085,0.530272060926699,0.855673318480495,0.4806754454483353,0.20362606036370648
42592,BR,0.6258939335012639,0.5296640056605665,0.3527993834482255,0.2680305071709662,0.5184654575871881,0.8752309844968068,0.47848411957545967,0.1717744168123585
42593,BR,0.6311591349470143,0.5378437217274137,0.33434972855199513,0.2876575435625956,0.5239816377071778,0.8869197918792074,0.49654960575784296,0.19168914273217882
42595,BR,0.6404564591391602,0.5331087971680477,0.34232005496427903,0.28726284471229313,0.521467480897823,0.8762984606976462,0.46891845034362445,0.20733184857771153
42596,BR,0.641216783413812,0.5293192105539053,0.3432241337700084,0.3161657347333835,0.516949270059358,0.8698666931003562,0.4554138391143812,0.1821748590421528
42597,BR,0.6247172856300185,0.5285327181612575,0.3445963482052168,0.28322835258951234,0.5135411870265368,0.8739349559106658,0.48986269216250283,0.2978281653543137
42599,BR,0.6274409248614231,0.5401669165310354,0.36479489490892686,0.2947243413854536,0.5219395868510781,0.875708484347201,0.47888359679947906,0.2375018144635843
42601,BR,0.6510813949612958,0.5480811067820912,0.3427057201675437,0.26972069987419584,0.5263879754864678,0.87736633176467,0.4899918286323043,0.17061344083491387
42602,BR,0.6391570050866231,0.5276979269442778,0.35288282890035527,0.30504767427930496,0.5214277123212014,0.8617211207630271,0.47966645409939707,0.23946249292928237
42617,BR,0.6186836230867595,0.5303530358838554,0.3277961603053391,0.29152670638002653,0.5120163906672779,0.872793636768448,0.4675065941379383,0.19573879208200864
42626,BR,0.6390533976640365,0.5438698170961712,0.32784832512625334,0.2742156634394932,0.5362865565105814,0.8662707202706339,0.47557863103631753,0.16753587763325753
42628,BR,0.6323251731327187,0.5264970522832811,0.37201024409294137,0.25263136891421706,0.5194636703383074,0.8655957975237935,0.46580947411039986,0.2394095276214732
42629,BR,0.6384196547514492,0.5436080332629276,0.3686117133929252,0.32288075304762986,0.5357956907868091,0.8647901598370465,0.4751092428241212,0.1971451393485826
42630,BR,0.6237369228740364,0.5242385569315545,0.3512286018374327,0.235146350933642,0.5133998445586084,0.8631280526241841,0.48039775223158193,0.12693838509138555
42631,BR,0.6276263985223344,0.5269078282812562,0.3469726988066318,0.2585727247378364,0.5247779020592401,0.8798504514572472,0.47539319832450316,0.18721029473224865
42632,BR,0.6322412450294118,0.5565854329384028,0.3523115148708188,0.32106979887729264,0.5462243648300871,0.8654507716195278,0.49794052889031987,0.2086697685175805
42633,BR,0.6378468783389427,0.5334794747463499,0.34178207368783564,0.3120989536095135,0.5211442686221519,0.8777920950438,0.47732280449782977,0.2143944576584277
42634,BR,0.6327762346043896,0.5531204940937481,0.36149954926364214,0.3212440006094048,0.5387242386376242,0.878062617084267,0.4800175524666877,0.21883799386094177
42635,BR,0.6436093761646032,0.5477380504192438,0.36469246534098404,0.30042018125091036,0.5338860011194412,0.8814452141402583,0.48665236981374005,0.22925908300386313
42637,BR,0.6357391586730169,0.5358201707456807,0.34874249911932126,0.3029669490412532,0.5248237043080625,0.8700456719584383,0.4697120690463362,0.22227996264651187
42638,BR,0.638668868829311,0.5365523817067247,0.3744427270995047,0.31568136008347114,0.5295336201963959,0.883021836175593,0.477764270302202,0.19939970637035315
42639,BR,0.6311939658690262,0.516301189760435,0.3259945275995131,0.28529181051899577,0.5028383757780966,0.8628588288859924,0.47395142872238377,0.20115244231174942
42641,BR,0.6346807601737476,0.5469602567662253,0.37377916350424834,0.3323273804127568,0.5283381985834162,0.8768538762010507,0.4792612580841181,0.2191844332671365
42642,BR,0.6327752293366187,0.5395380068057819,0.3541030604301003,0.29100343587558214,0.5119662268992853,0.8639857238733525,0.480287312810315,0.17894180038847932
42643,BR,0.6280503252201239,0.5122325049024693,0.3198520210485117,0.2943188721686681,0.5086864610317182,0.8579938998146762,0.4491247257546048,0.22824434981504424
42644,BR,0.6241234882930294,0.5147742986423178,0.32289897727379,0.20200445864599859,0.508949601427617,0.8676434561469921,0.44325485435991496,0.2204522326128548
42646,BR,0.6290561466152644,0.5114393707456462,0.26840775877580475,0.2006615393891466,0.5097535782577801,0.8543051913957745,0.42128860211012836,0.19295666600782033
42648,BR,0.6314800158176281,0.5380613298141321,0.341582100211875,0.3175035345059268,0.5173598330763843,0.8754059825146338,0.4820217499057091,0.15565202771482367
42649,BR,0.6373934091510767,0.5296932826194837,0.35776289092115415,0.292439137539384,0.5242815110722057,0.8749175325563886,0.4727651588887695,0.24175246493314237
42650,BR,0.6356905994294593,0.5333083437179295,0.36238319994674556,0.3122220315889004,0.5229630475895185,0.8726252404136313,0.45633834663186446,0.16932299991710337
42651,BR,0.6308360507763314,0.5504195870466247,0.3695670105974608,0.3161615108739374,0.5393675620045298,0.8747565489156041,0.4729678623154155,0.21930956884562777
42652,BR,0.6394628145613319,0.550177691794149,0.35365418725660003,0.29464685010552294,0.5335425356535615,0.8648480073862898,0.46135688518776835,0.18622457385336016
42656,BR,0.6347510187218056,0.5338398500673518,0.344211369429938,0.3080944572838729,0.5223903467544584,0.877129468400203,0.46856870921096633,0.18727568481622198
42657,BR,0.6434156668747599,0.5441946978243885,0.37556957488565906,0.32266054235297686,0.5272332259764009,0.8603389561091735,0.4787756615223092,0.19555442031185574
42658,BR,0.6376420716083379,0.5445050830952302,0.35485289054741725,0.30539882492221737,0.5330621376241184,0.8709719636144954,0.4925631568646509,0.25112880798735243
42659,BR,0.6376355471470868,0.5397536706160763,0.33543600539978075,0.2757282220955371,0.5232502543673827,0.8793521501245617,0.45812927993873637,0.17906849214869874
42660,BR,0.6390535969558844,0.5380507811381636,0.3324787104600773,0.2869748289233127,0.5225387612448437,0.8682276031028539,0.4455515926273523,0.2300850863098956
42661,BR,0.6455241992439691,0.5088515795486992,0.33357339860106466,0.2875029334247877,0.5061463755646382,0.8724495542505109,0.4547371162866278,0.20797433007265534
42663,BR,0.6263449131041009,0.5254685787300482,0.3326471054300787,0.2722099554677808,0.5168492551134087,0.8679814646422027,0.4653626770452216,0.1967098946416112
42664,BR,0.6323821788589585,0.5370709080945549,0.35405281625704593,0.3056005039984405,0.517913060897215,0.8801587150319007,0.49608365423094913,0.2437452952010894
42665,BR,0.6411197595264493,0.5388206319432753,0.33790440059589116,0.28113685588174575,0.5334113011781721,0.8709926190906873,0.48513369038916093,0.21446744305701085
42666,BR,0.6422973812699021,0.5485586131956236,0.3815309773774244,0.32761341767230734,0.5264655362063594,0.8755272734138133,0.5101760602053721,0.1806650296640515
42668,BR,0.6460430152786315,0.5467519054337829,0.37841550622140463,0.3188894831939305,0.5349155615853224,0.8760246319631964,0.5284281153947608,0.23987260255257728
42669,BR,0.6243699430658385,0.5375130364790001,0.3164748215854969,0.3031241592800887,0.5257606786779735,0.8622501887809226,0.4835865088278239,0.19676611425322058
42670,BR,0.6238566743124575,0.5440526825901794,0.3417231444223502,0.3199232084037367,0.5394490977715811,0.8723546819829635,0.5079626173605172,0.20728092939592438
42671,BR,0.6306798207717436,0.5399733193928468,0.37384644009817997,0.2693078557190183,0.5217627239371248,0.8579671558482921,0.5049490805023621,0.21737175694940294
42672,BR,0.6276019565873509,0.5205424613557681,0.33337826871679066,0.29092549813835616,0.5100215299205253,0.8665059366540331,0.4496936948138626,0.20201755528347856
42674,BR,0.6397513517275069,0.5433990712320553,0.42887296049884394,0.32128845692163827,0.527589015094912,0.8849080183493423,0.4869300630541142,0.2520729587735324
42675,BR,0.6461112649669815,0.5354394417731411,0.35569881752657323,0.28642679208889205,0.5311587409122448,0.8714378257970915,0.4737111252113707,0.22035003243765963
42678,BR,0.62768596848379,0.5202055836392634,0.3440190824468592,0.27311941625197816,0.5082203627267309,0.8781482157512407,0.4632675595002512,0.19042491660036764
42679,BR,0.6288647293755985,0.5281772645199719,0.32158322846783644,0.27461775372927105,0.5109069831406438,0.8659852150911237,0.45896834436787715,0.18503595927191388
42680,BR,0.6276910664007416,0.5123968142948384,0.30268459765950223,0.2537480711339133,0.5099605568103974,0.8720332312850771,0.4666251168045772,0.19660335534790258
42681,BR,0.6283252101202511,0.5370804439977361,0.3077231237739423,0.23976053210157477,0.519436280291697,0.8585202460534198,0.4529169298466857,0.20083219969986768
42682,BR,0.6259884287889953,0.5400496046956468,0.32883113952018594,0.2995175229427074,0.5188010701962028,0.8664648243247022,0.44435897986302975,0.193405778885454
42683,BR,0.6350882723933332,0.5092119569513578,0.33094978218035737,0.34125583857559816,0.5051956985609358,0.8651714229274365,0.45907324962529383,0.23468400547466364
42684,BR,0.6272262178740968,0.5387391392284349,0.3396475781916056,0.2700339131299726,0.520142972581171,0.8746972618054306,0.4806581021923167,0.21058548176521877
42685,BR,0.6309391886211329,0.5496491705608811,0.37696027790097725,0.323741706843833,0.5313761632550018,0.8886389622461177,0.5084285511506058,0.2470075494041464
42687,BR,0.6407769831571968,0.5340691866346771,0.3378481225895253,0.3151883822375446,0.5170495551578447,0.864034329256955,0.4671161545546644,0.18523466591172344
42283,BR?,0.6283445530465384,0.5232109159211459,0.3692927631672416,0.28637285038179955,0.5118417770927672,0.8540764614814499,0.4453872075914026,0.23512824921442912
42284,BR?,0.6312496982179181,0.5257001288124509,0.33940890543823327,0.2756809341275561,0.5189121076869317,0.8731367043049019,0.4779101291339671,0.2621924780032643
42285,BR?,0.6372442187539439,0.5295078211938258,0.37467355353388737,0.29127258673551587,0.5150479355617394,0.8636726296063552,0.46280716120762155,0.23725405298000804
42286,BR?,0.6339199821614835,0.5408370123386775,0.39945841728158893,0.28370385569168294,0.5167895417989318,0.8683406850198744,0.4947098977122906,0.2534065412146118
42287,BR?,0.6303291003142114,0.5303644506531421,0.36209156782110585,0.29069007112492956,0.5113517843906913,0.8685791637184206,0.45308454650075014,0.2549189174530184
42288,BR?,0.6308605787017242,0.5332966745339323,0.3836836805782757,0.30740566721020635,0.5273324452365074,0.8588857240051335,0.4554663625011176,0.24200847723085986
42289,BR?,0.6461768186732114,0.5356484763359805,0.37492443778335044,0.33122326705429417,0.5156091765378298,0.8529569622206408,0.47808601420713553,0.20400834842765328
42290,BR?,0.6053747603034412,0.5114505979792848,0.3357274236060387,0.2903395092722289,0.49497743798616756,0.8567869288548002,0.4683291773029527,0.20234907406695404
41256,CN,0.647941649374266,0.5584393060283024,0.456786150049886,0.36289883006255935,0.5389644783233284,0.8893421219003579,0.5157464089975975,0.2557624311475401
42464,CN,0.6256439781160498,0.5392500167906783,0.3843762600772243,0.3263952717705122,0.5278487941815089,0.869010241762703,0.5053530533072976,0.19636589616657107
42465,CN,0.6455214840956517,0.5337707443364628,0.35855359291712524,0.2960301701444348,0.5248629726935362,0.8546847703863327,0.46740850766199976,0.2311331694034566
42467,CN,0.6477490226485715,0.5660437570187491,0.4282007539470596,0.35221007044748687,0.5486187659160887,0.8783873107877777,0.5134402622634094,0.2921208737628405
42468,CN,0.6053876643061415,0.5219322094282249,0.3701493502686199,0.2943962664364503,0.5123394734579123,0.8671785217965842,0.4650006731140006,0.17077755742435158
42470,CN,0.6232495522850757,0.5395963922278343,0.38169964493219294,0.2924102764669331,0.5230487340990687,0.8805932575234174,0.4765710041275165,0.22882731130366857
42472,CN,0.6265924166339265,0.5674173634394463,0.42756049508111643,0.34604674418724646,0.5549720842351743,0.8970618626774252,0.5103736434061469,0.2956438946900683
42473,CN,0.6254694092264838,0.5604599033536709,0.41055423737754765,0.34762139120846813,0.5444320411238038,0.890441595905805,0.5078539874210547,0.2403979781984467
42474,CN,0.6060756503403489,0.5075352680982266,0.3675384189403299,0.25308213328874757,0.4958072022067624,0.8790847951979835,0.4573211901823041,0.16227024992757844
42475,CN,0.6130050056805215,0.504118943971551,0.3658905784182897,0.27338807261308,0.5004219037394072,0.8741312469016043,0.44613607197943067,0.19563305937797498
42477,CN,0.629866866360925,0.5333649378766351,0.3595110828947831,0.28547090811836423,0.5257523230296702,0.8694636811748869,0.4766600227059758,0.19588937441925866
42478,CN,0.6423249717395632,0.5312538932188303,0.39298389621534063,0.3102151468915131,0.5242024468216337,0.8762962933986546,0.48888229904659025,0.1973557879638136
42479,CN,0.6220058783814797,0.5323594359646727,0.36441907806394297,0.3013398962437371,0.5251777699580565,0.8681591513689842,0.4414864487805824,0.19674943366852804
42481,CN,0.6226149495289697,0.5418369429499195,0.37706776496327793,0.3233998921875451,0.5375422550549849,0.8630450969278118,0.4721374303220226,0.18795575563784914
42483,CN,0.6428108772633295,0.5565570442640939,0.41569291417772514,0.33158025051413326,0.5486469807723735,0.8863860855285324,0.5015061796145983,0.22985156859114533
42484,CN,0.6406625215926233,0.5501015743745338,0.4122245038792138,0.3248056508326653,0.5324737412464331,0.8698302773323248,0.5028619528218007,0.2217065250302591
42485,CN,0.6427891016580339,0.5499749040412935,0.3973679339011033,0.3254061685544388,0.5375279005560497,0.8688248393362105,0.4828786254127776,0.22235476934444473
42486,CN,0.6280435545511729,0.5470629498590406,0.39498349233911195,0.286189420894795,0.5385734793964853,0.8729202421916804,0.4848233992132699,0.23357542188845384
42487,CN,0.635037193336558,0.5339753349567687,0.3713723949416833,0.30691715837535233,0.5275044161571468,0.8666186803935907,0.45681904835360454,0.21774767587203775
42488,CN,0.6313863302374036,0.5409815714349046,0.3865859543536951,0.3098335153450117,0.5253078229680974,0.8740265803724384,0.46645478775029386,0.22074885684859774
42489,CN,0.6213668623012254,0.541376899306205,0.39957525771404934,0.32345574042928854,0.5296442106321773,0.8625803855994018,0.46821509208194356,0.2237842586413672
42490,CN,0.6169792927291478,0.5278678190802225,0.37725122710990155,0.3059136014343023,0.5167225087487792,0.8792511775249051,0.4566557553169724,0.22520884589423515
42491,CN,0.6495786966606453,0.5508525627326558,0.39379790822222477,0.32189579076720365,0.5375052052447473,0.8780651606579221,0.4881478046600713,0.2437589279499159
42492,CN,0.642591112202319,0.5430874418789271,0.4097277424457149,0.3145160283111445,0.5204119338882524,0.8723818246503068,0.4876441294248919,0.22336519006776828
42493,CN,0.6535902068132103,0.544598197474338,0.36890906271862267,0.31227884114910204,0.5389539977563168,0.8677329336296326,0.49027668560492527,0.2112610103462148
42494,CN,0.6254182181154769,0.5396109570081146,0.3704259006997901,0.30665044926733936,0.531771796054558,0.8792307878635605,0.4484257021753803,0.23042892411776492
42495,CN,0.6241290038651854,0.5346898423834237,0.38477401487655366,0.33915461790000534,0.5154894628566368,0.8656201504543714,0.491562743305844,0.21104932450199868
42496,CN,0.62026139099644,0.5208981712200295,0.3447467879728274,0.26905850170652257,0.512614976304274,0.8730004630222418,0.47138494537575193,0.21345308903329746
42499,CN,0.6241141190318432,0.5422848842937464,0.3689016377162466,0.2870048568265001,0.5336946188127907,0.8653962549471478,0.5025459680547024,0.20575005840351185
42500,CN,0.6225069153180055,0.5357697730799243,0.389329708826546,0.2985164631198046,0.5282424057841556,0.8763247271524089,0.4859667605099953,0.22671843278415169
42501,CN,0.6219951737693517,0.516972553951573,0.36109566320618947,0.26474708773842537,0.5140211485793115,0.8588820590951843,0.4493407290078677,0.23140786012757802
42502,CN,0.6341741349833405,0.5497589482848274,0.4111835484944569,0.35972678795004265,0.5396541035625503,0.8798562079326351,0.47866024716419364,0.21977855057854456
42503,CN,0.6378171857205104,0.5661415295941922,0.40289659754806945,0.33243151458172315,0.5522563759392823,0.8679347699920555,0.49974853741317815,0.25767482540427045
42505,CN,0.6264616699583941,0.5202159746666751,0.3693747093860166,0.26122658425850226,0.5096842158150307,0.8665942918206104,0.45214991828417256,0.2242236649540884
42506,CN,0.6441033483490267,0.5667349046642143,0.4084232401045985,0.3098015490428574,0.5609830352437035,0.8701664831928774,0.5229517335642822,0.24500260823845177
42508,CN,0.635054853750184,0.5387384179215755,0.39335692317776216,0.309875951484218,0.5305383121852465,0.8796073101971346,0.4561454601971923,0.2514996971960195
42509,CN,0.6289672642369993,0.5671453942844756,0.4122794913652869,0.3513550598390409,0.5526402937009707,0.894261020143218,0.5232275597043646,0.2863566025789818
42510,CN,0.6319662261256476,0.541352832749804,0.37219066796329925,0.3149046376914019,0.5307597585991741,0.8757595971296772,0.46547701141651465,0.18418056892075418
42511,CN,0.6297953199477266,0.5360058162042488,0.38323824491807834,0.3093943860085973,0.5186105504059171,0.8612624623750647,0.4595287938819511,0.21879546851817697
40844,CS,0.6288040537650124,0.5070913785965765,0.3573265521388928,0.30710023831104705,0.48881943611491363,0.8764370558254065,0.4447609051899022,0.23293582689078507
40845,CS,0.6219619978139146,0.5371880558877877,0.3862464251681074,0.30204106918371043,0.5129180365118332,0.851716675440716,0.4486313991267891,0.2219888030058118
40846,CS,0.6030409670962459,0.5021406562805013,0.36967539884436257,0.2493773098852685,0.47908421271960405,0.8682447658950129,0.4526639777925971,0.23715676284139098
40847,CS,0.613472676315572,0.521749833528993,0.359198554895925,0.3403505901088993,0.5113955828943662,0.8894929618730918,0.4940160294960746,0.2683050226529119
41053,CS,0.6226758129409407,0.519957900298649,0.384264942801538,0.28721438931807336,0.5041166330000951,0.8507121431905131,0.4349288366628654,0.22991149835268954
41129,CS,0.6139675030108643,0.5249892454495239,0.4050954213573663,0.30148502577199,0.4947445069502675,0.8581211679987798,0.47305454491474763,0.18921835480345647
41152,CS,0.6299176237222716,0.5109639045637386,0.34302067379026746,0.2376175677946054,0.5121185713669851,0.8578613270150383,0.42391515310598854,0.23851528292627353
41153,CS,0.6073540801503831,0.5135285630914272,0.3817256242324587,0.2872322792999255,0.515781279398589,0.8667433495589864,0.4806081126542141,0.25150573381000146
41154,CS,0.6302162897790691,0.5254025949262667,0.3769283176498207,0.32034863540995084,0.5076188029271541,0.8632382615707872,0.4736958719282964,0.2545766690948319
41165,CS,0.6429437397776806,0.5363319033725329,0.3906247198781846,0.30816912243716027,0.5166215619456812,0.8712144061523419,0.5181289449658165,0.25776529756612643
41166,CS,0.6374212935846268,0.5250631368985447,0.39436129375015316,0.29397627890281686,0.5034376615640366,0.8659141252141321,0.4975646702940261,0.2838296086095448
41221,CS,0.6223085140350697,0.5262470653179073,0.3592495487879277,0.30917549291075275,0.5088461445854452,0.8732942799027712,0.45422699715221243,0.26115785797595764
41228,CS,0.6122709158184957,0.508823395810117,0.3563098293802833,0.29725397239314116,0.4876746551804681,0.8635886610914355,0.44260976831246174,0.23365581308562744
41230,CS,0.6203592245613129,0.5246308032146129,0.39351966808473343,0.32381434281414595,0.4939313136387533,0.84734359912643,0.4859490996442477,0.23454997038794245
41231,CS,0.6250109649153812,0.5332662931557922,0.4169306822725176,0.30661870090607435,0.5095443831622076,0.8639499127673232,0.49146808258919866,0.2540609124166859
42116,CS,0.6182380205825504,0.5370591202798277,0.39432975429515715,0.3140683906532239,0.5192742331795244,0.8704975432499713,0.4964250970218359,0.2416364316283062
42117,CS,0.6193374192492564,0.525621143083604,0.3852433064248713,0.26239962238377773,0.5065399048953529,0.8772566039462213,0.4995067860633571,0.22175418643037673
42118,CS,0.6278781499452792,0.5346442802136753,0.42655400380946445,0.31160108637058387,0.5108644710369762,0.8782102972205532,0.5228921878656957,0.25073579233867005
42119,CS,0.6148700125799706,0.5324033908913777,0.37276381880704756,0.26349427013083476,0.5254172362300956,0.8660592991785065,0.4799936528383426,0.2554284940092614
42121,CS,0.6325050887107444,0.5104953504879863,0.3701596233211098,0.2844260426944088,0.5222858035697642,0.8689042426611563,0.5198098495877282,0.2081196529818436
42122,CS,0.6220603905044116,0.5283925580535622,0.3524605536479108,0.2709143683979262,0.5178875949385295,0.8646885773515506,0.47819467869074594,0.14037722561625396
42123,CS,0.6310850981134871,0.5360453023828408,0.40821346858715857,0.3012036957178815,0.5213445400301228,0.8733092961007747,0.5204082371888125,0.24804671543848064
42124,CS,0.616349458591648,0.5107095586443589,0.34241519980249396,0.26053389877764094,0.5061892453672538,0.8628133978629217,0.44261363360510503,0.21298621350247282
42125,CS,0.6267459927592282,0.5127307476865226,0.36597388103499273,0.30103339911173616,0.5071159957626762,0.8592792252240236,0.4811381173604438,0.20349910486357217
42126,CS,0.6168426622215918,0.5274348675679393,0.3754812925522633,0.2887741402795684,0.5080519738473118,0.877628187115847,0.5026723121151987,0.24520583971503768
42127,CS,0.6149878918390237,0.5213993424788845,0.36830473004165526,0.27233519303547576,0.5038819287493387,0.8759607830164065,0.4798816083089263,0.2016707888966246
42128,CS,0.6039648645949812,0.4887434680190377,0.3308508035459866,0.2769710673529289,0.47864390007963437,0.8764923043161751,0.46463580950324124,0.18488246508645756
42129,CS,0.605686265704473,0.499845739697113,0.3340299182757029,0.24480027885094194,0.47547989363698157,0.8658460626840481,0.47051697070608306,0.19128362882737726
42130,CS,0.6104959286144788,0.49164566246010044,0.31006958888353175,0.24885295019701886,0.4901488588511261,0.8424502696308659,0.43936654324484875,0.20399325119396866
42131,CS,0.6131520454643764,0.5122258936231932,0.3203008517470779,0.2519309960629964,0.5000739114831356,0.8575612206442086,0.4487863957942582,0.16364916904995286
42132,CS,0.6280940217699224,0.5139032049058838,0.36035949664211314,0.24140616416071536,0.5052802563507955,0.863341385284642,0.47670463309344463,0.17099223845451475
42133,CS,0.6082741353275818,0.4969636325184453,0.3267953628393444,0.2662666980304606,0.4910825762745179,0.8580266442053517,0.4309879968342298,0.18717522278067805
42138,CS,0.6103618562840808,0.5196933038799458,0.3349093300713596,0.3055917492593603,0.5047467765420806,0.8630285156970599,0.4734411904630688,0.17587354858880053
42139,CS,0.6052010728923184,0.5107435889494105,0.32996355076844747,0.32763688064088586,0.5001750230710977,0.860368135492698,0.43453843726090186,0.1540926840488782
42140,CS,0.6154326603085868,0.5219749055860134,0.35065193470496636,0.26665211022128604,0.49805435746246024,0.8607715665392615,0.4487148869460695,0.18317231942731108
42141,CS,0.6168493192647343,0.5119972733671263,0.3474369650044512,0.2845897727897837,0.4960264235462944,0.8715114573051488,0.46116382262072647,0.09506505442983719
42144,CS,0.6138188755023531,0.5175653598712109,0.3635498429896686,0.3058092488598368,0.49822828041844025,0.8513118739296639,0.4829388507487675,0.15697586484629858
42145,CS,0.6280323014749762,0.5301600943432637,0.3626694448432445,0.2840588949475853,0.5133997678477902,0.8610247539765398,0.4663372609104299,0.2251324426124406
42148,CS,0.6054987994482894,0.5000001872698829,0.3107998733080637,0.29266150175182803,0.4748814598838226,0.875674142876863,0.4841910707955127,0.23868326894162933
42149,CS,0.6150540253891881,0.5203296001952131,0.3532466515593511,0.2525441620145426,0.5021458055932025,0.8663221387018063,0.45166719631482793,0.23550495125135512
42151,CS,0.6160902525364499,0.4949578934704459,0.35486702276928156,0.2682347630646102,0.4846855300431462,0.8614539774933699,0.469111658845958,0.18605664393540958
42152,CS,0.6168164588679009,0.5134113746662399,0.3586934996433378,0.22338206470880936,0.49635835535764916,0.8488772593104066,0.4479315195452627,0.18887035332102878
42223,CS,0.6058367954250107,0.5158258892230053,0.3678412623106918,0.3263158792136824,0.4957334172270351,0.8636470252134135,0.5091360666979211,0.21493355099241374
42231,CS,0.5886701638726834,0.5045487571071436,0.34598921667414867,0.28850872870703065,0.49096736606355634,0.871608194044547,0.41712541287819666,0.14727156628903618
42232,CS,0.5967724710304392,0.5100267284111673,0.36941021965094084,0.2570768787484431,0.49667089585236424,0.8748352044814611,0.4581896105369763,0.19624480755445303
42233,CS,0.6171669685729804,0.5261888518628147,0.38884736528323155,0.302520389159057,0.500506671842897,0.8857834698121636,0.4712683322448484,0.2698155857029372
42234,CS,0.6054668610938556,0.5029787608817178,0.4139436840039421,0.27813350562439987,0.481891913601285,0.8727572699623577,0.49388766060048106,0.21669349765677542
42236,CS,0.6008358652947011,0.507315404047854,0.36203563868947536,0.25609689821450876,0.4937433910897723,0.882044437600023,0.45028795473619715,0.22756108076189352
42270,CS,0.6429925354984218,0.5348147318148726,0.35540734530635926,0.27594236973372,0.524131173836763,0.8676695928999788,0.4687370186941812,0.21617317331121727
42271,CS,0.6330140235198273,0.5177457842954151,0.36906293460293194,0.3039145384805313,0.5028402303219947,0.8694629666988134,0.4324849713120437,0.24390270319234356
42272,CS,0.6259442106988219,0.5264869880918606,0.38585284802508346,0.29428703478410223,0.5188587049146615,0.8663175945954499,0.46025097072806975,0.2008586264131681
42273,CS,0.6090836464307241,0.5151749788246749,0.3635037922079454,0.3015697121355341,0.49805931790195473,0.867238393193457,0.4502928646085866,0.24097328167382545
42274,CS,0.6361294785955067,0.5420419217162491,0.40069817948971626,0.34377693176232743,0.5204008712035149,0.8727830050376646,0.48263057208597454,0.2780843188771311
42294,CS,0.61691113159007,0.5179689447386097,0.354506952616676,0.3086122201871788,0.4989125093837393,0.8657055441094152,0.44616428852581136,0.269297163742419
42295,CS,0.6334158395388858,0.51256124056444885,0.36788781773404805,0.3197569760947367,0.4951123757562609,0.8696980417162474,0.4913731534179181,0.24788554936997226
41200,CS?,0.6253771104836792,0.5321203767903807,0.3848915175578429,0.31799450586870337,0.5080110678728349,0.8857032452898128,0.48640661672641083,0.16392461530402816
41201,CS?,0.6366821455972782,0.5544778771655612,0.403642111480526,0.2737397736005127,0.5337575325288539,0.8780790184800906,0.5346028435290953,0.21073250363573853
41213,CS?,0.6247975223775595,0.5217584151480991,0.3894875038301859,0.27816819308042756,0.4953175937027175,0.8682992742492108,0.48564172616027823,0.23737278855962915
41214,CS?,0.6248676516240583,0.5168005015315662,0.38378417400283527,0.3006674644333632,0.5038839034437849,0.8742840548329402,0.47240196347397884,0.26735587911794384
41215,CS?,0.637213853755266,0.5378731293063308,0.37387815167429217,0.33849483444890677,0.5191802870631795,0.8847099488405873,0.48998786224168867,0.24573197934170182
41216,CS?,0.628911397860523,0.5225574397694626,0.3853093099467188,0.3208497719480906,0.49369487975495435,0.8726715723375404,0.47891233085177026,0.20975568451602808
41219,CS?,0.6032225636591904,0.5404077307686435,0.43095310776831763,0.3259580498897164,0.5253023437309613,0.8917265550046958,0.5310792611566186,0.2998900801554463
41220,CS?,0.6358569480217753,0.5277722159777376,0.37949244121682785,0.33783370649975375,0.5083752714725458,0.8783212578884106,0.483482046447219,0.2538690127921207
28164,"NA",0.6403135243643119,0.5332338534300233,0.3738717340642077,0.2949434158422621,0.5253894814632202,0.8621933322141372,0.4650816682776649,0.21932053628990583
28164,"NA",0.6325796082735632,0.54924491710096,0.3828233791676097,0.31656174810028637,0.5411014771334552,0.8687980318621648,0.5113808425542522,0.26302754102267273
28164,"NA",0.647111598420776,0.5577129737887847,0.39549038366158235,0.3324682765147595,0.5377693766556866,0.8716363568835214,0.5163610585144418,0.23070334750322322
28164,"NA",0.647888450035056,0.5393935366806344,0.3509898451764861,0.2889687929789085,0.526824249166412,0.878847758545139,0.47811491027830044,0.21558726512384468
28164,"NA",0.6390000266568732,0.5386878177517961,0.3562318600465508,0.3103970966330766,0.5271214795424433,0.8638511491442574,0.48708124853225687,0.19703087851446305
28164,"NA",0.6394244988341615,0.5434459070955698,0.36546404625538814,0.25423305653557154,0.5354125150883073,0.8580381324388144,0.5020763083732831,0.1959425151873293
28164,"NA",0.6224241539963279,0.5384708813790844,0.3610450894783976,0.2848186394569049,0.5336652520106642,0.8737660982998059,0.5068369998439676,0.18235034460082572
28164,"NA",0.6528231096706124,0.5624439412218245,0.42145100278695974,0.3653987817472766,0.5465533653159035,0.8864874326105454,0.535280156204621,0.20827523295374376
28164,"NA",0.6521803456405868,0.5518120319505199,0.402154063811123,0.27926992277483037,0.5451137824600267,0.8724610776087788,0.5155653099704121,0.2456942771751774
28178,"NA",0.6378187445540118,0.5383296953629547,0.3460730996142947,0.28457088989963547,0.5292980090746133,0.858833847277126,0.49591392479905044,0.24147583509871962
28178,"NA",0.6306245273014552,0.538969246666936,0.3695801572933706,0.30755733783002914,0.5247297724257346,0.8612898111796807,0.511023480392645,0.2046260110084333
28178,"NA",0.6408710939701516,0.554063448558764,0.37285358412984665,0.30248626500380094,0.5426456499258064,0.8711281733587459,0.5227255740138776,0.18061286708236723
28178,"NA",0.6219119941266664,0.5417758044393807,0.3920613934626188,0.2747091692604336,0.5337852687926714,0.8714513440494073,0.4938852017090838,0.21209803973827862
28181,"NA",0.6407361000701373,0.532306586589931,0.3616876322317983,0.30545100814112014,0.5262796118860397,0.8740754058995233,0.46866461517121166,0.2002743358102034
28181,"NA",0.64118830609498,0.5276974584046832,0.3231897049253797,0.23045534318645003,0.5146099405564056,0.8536640654941329,0.4455937647789492,0.1879340961282397
28181,"NA",0.6549486188070136,0.5636399845943446,0.41079724642276616,0.34092844727979155,0.555298175064917,0.8796647044695178,0.520619257704917,0.282558955629914
41272,"NA",0.6444605386145494,0.5520554206601991,0.37179059879553805,0.3233306939694441,0.5314699051821022,0.879650110882521,0.5229207911815966,0.2431515588598565
41273,"NA",0.6257357738054117,0.5301479941647593,0.3381235028409048,0.2720907214087581,0.5181554020485759,0.8659461629745208,0.46721033946873136,0.21692033098358893
41274,"NA",0.6560604932903576,0.5599274170667815,0.385561068101101,0.32398957499444464,0.5552011056707488,0.8823452898399207,0.5017987989336062,0.20827857185330786
42221,"NA",0.6225729154251423,0.5402584402565322,0.3916258550204427,0.312727969315988,0.515010842633796,0.8679068539169252,0.4732359103175732,0.2819873669597503
42222,"NA",0.6303312387258987,0.5546314907288302,0.36519037947456207,0.3107693127002469,0.5436326498615603,0.874911050995521,0.49428585733513386,0.2599481318435069
42230,"NA",0.6526975360981884,0.5376410340286123,0.38099953251065194,0.33425393204081394,0.5226925753597744,0.8839596449982732,0.4757120230695679,0.26809456080110294
42237,"NA",0.6346526465021324,0.5405555097898327,0.37395662051267836,0.32032544850837813,0.5319334915768025,0.8634831423820778,0.45710371786136855,0.21033303323780886
42238,"NA",0.6353319937256696,0.5475305558278711,0.3657174916137069,0.3089457365202843,0.542444796539523,0.8790425023188666,0.46994025438332626,0.28927980469183506
42239,"NA",0.6367700445373357,0.5334048673202111,0.36765726709130686,0.3223781475062645,0.5212332586765991,0.8542128314898456,0.48171450964154444,0.22618416288335425
42240,"NA",0.6447714408488139,0.5359947466851345,0.3620965052799633,0.28672384567173376,0.5272270482862591,0.8600122198075716,0.47051881862393674,0.2432123871719569
42241,"NA",0.6239083646183413,0.5383647506724122,0.3555475741043401,0.32855462208935665,0.5198191906705381,0.8685549067640148,0.45635038073042483,0.23108351071411176
42242,"NA",0.6313510194474733,0.5516789533365188,0.37936242252322816,0.32335695656730074,0.528825473714144,0.8628795412713341,0.47515320619676443,0.25772773472030835
42245,"NA",0.6238197583791852,0.5238899828617843,0.35793375922595105,0.27915591830208425,0.512820766814574,0.8530880128016703,0.44944726052414813,0.18186202648452682
42246,"NA",0.6380680533508754,0.5401466521971072,0.39242130077887205,0.29681901740995864,0.5376932462099198,0.8622998702062205,0.4707867627316794,0.25899374372019923
42247,"NA",0.6429440935195276,0.5308371850911487,0.3741486858005056,0.361657300960471,0.52272982531878,0.8543145735707416,0.47868094557070645,0.29256109505446887
42248,"NA",0.6401088031891459,0.5305325431337956,0.36116424209985765,0.31651846194409955,0.5261042192967041,0.8657761873477509,0.4691112061060332,0.24035738704067452
42249,"NA",0.6428181641182326,0.5423355854274933,0.3648603963224605,0.32238171458345993,0.532996824100152,0.8720566749189396,0.48808310890356105,0.2572462821153321
42250,"NA",0.6411881036196198,0.5520441679262252,0.4025297152519184,0.3150332807570483,0.5288837227023929,0.8606967416813157,0.49462095169863957,0.22865234771050374
42251,"NA",0.634948023149234,0.5555212746108508,0.3861175694838748,0.3164071536080222,0.5234062774470268,0.8576173681234289,0.4732054451019361,0.2425493574520368
42252,"NA",0.624735697514496,0.5206833611180941,0.36391012182433696,0.32174534360483314,0.5076005740634395,0.8568745618723179,0.49750432967341074,0.2060867513215944
42253,"NA",0.6271787778359655,0.537215254260139,0.3888506623431849,0.31386378338111875,0.5256711395461081,0.8584826940991084,0.4882258375190281,0.25474856822996045
42254,"NA",0.6379322484535264,0.5385976693464202,0.3595895147570705,0.32187735073322804,0.5192381296566155,0.8763651384095779,0.4552362672679256,0.2906401143451306
42257,"NA",0.643581598327774,0.5564203369554395,0.4222601130526812,0.3527290998192309,0.5293455564841665,0.8735527664410672,0.5252035467690878,0.2802545424041323
42258,"NA",0.6421643702016431,0.5464110232018508,0.4070034228464991,0.39282717391037036,0.531516533862755,0.8745731992488218,0.5396614938917198,0.2990741509807161
42259,"NA",0.647674215643111,0.5286634605848096,0.3897921566326235,0.33319166052395577,0.5284596651624499,0.8676740557533659,0.48796880329345615,0.27972333197571675
42260,"NA",0.6505999845265749,0.5454224473774795,0.4043024112627643,0.31693216837713634,0.5223204183814262,0.876754805834772,0.48750032774103097,0.2867165842693441
42261,"NA",0.6456951930408287,0.5208023943182184,0.3867876409994571,0.3231890976039059,0.5111664539680387,0.8688348052836766,0.4694859438561413,0.24040276059728882
42262,"NA",0.6429513933338424,0.5473275337575167,0.39411646154139807,0.3512550934905076,0.5335666356250357,0.8781684921683737,0.4638961543251076,0.20189358784961278
42263,"NA",0.6497193657139183,0.5325339359363546,0.3589686260809914,0.2969719410130556,0.5213091128822267,0.8772705395283602,0.46538377312569296,0.20070679777632847
42264,"NA",0.640995097398252,0.5253364283083994,0.35383398177753844,0.2741031864760348,0.5199064822426734,0.8605593265079559,0.43298427039098986,0.22115316733827542
42265,"NA",0.6288079528839239,0.5362271385504268,0.36269277664393734,0.31962384661086096,0.5190906238958134,0.8645775737363189,0.47099794617436286,0.25890743642472075
42266,"NA",0.6459454766334888,0.5165778756903463,0.3686030256478358,0.36374766391574354,0.5267984846132645,0.8568814096132616,0.48815850748090095,0.23768863387196448
42267,"NA",0.6380177609257539,0.5300172872314097,0.38165895486243084,0.353562485210382,0.5203866805446221,0.8706453228183095,0.46883726054743685,0.23640541118287695
42268,"NA",0.6324451471336966,0.5111259625596215,0.38265450914332866,0.2954008785823735,0.5059960936827681,0.8550518128753662,0.4637245335576948,0.23526201791568863
42275,"NA",0.6390404551283906,0.5139673666866323,0.3418441679526234,0.31537257897159476,0.47868146365405817,0.8707725260531517,0.4599973317410226,0.11510747616787019
42277,"NA",0.6218694736473603,0.5131837252662611,0.36566205534791857,0.29600606072050945,0.49601481890497573,0.8655751883037555,0.43413851118320856,0.2838863490153718
42278,"NA",0.6394984402575332,0.535118513304737,0.39999867203705763,0.34764792398536876,0.5174665433590039,0.8646864436988245,0.5121624509587581,0.2829945973006002
42280,"NA",0.6424731026980983,0.5367975137896437,0.3665286199512002,0.3219603805160484,0.5269807584097252,0.8664404198305846,0.48047298158840546,0.2535267937692789
42282,"NA",0.6423672816699442,0.5431624112635872,0.44912847597647304,0.3539775609262257,0.539837327832057,0.8790320875305428,0.5110336684838315,0.287985808785631
42292,"NA",0.6493528040367113,0.5426381141667467,0.38385316725529584,0.29474193086027217,0.5071170003295996,0.8430647720436868,0.46762556075911976,0.189535513084299
42298,"NA",0.6325954298443636,0.5049247318942559,0.32516103660453344,0.2551969601684948,0.5153312680427992,0.8638863720044839,0.43638382546279714,0.12332645647364907
42299,"NA",0.6339731623553883,0.5436627781757191,0.36666648194380314,0.28492773195065446,0.542079685450312,0.8536609078194767,0.5060757831340942,0.18724892094800571
42300,"NA",0.6364548162750832,0.5295362304874787,0.3806081264717233,0.32688696081329083,0.5287486161268705,0.8603321039511218,0.5040120983959421,0.1896992404687307
42301,"NA",0.6301487903137198,0.5412443581209155,0.39205669896402123,0.3395095995974757,0.5195220527629718,0.8547638665810431,0.49685772415167884,0.20876934863765498
42303,"NA",0.6286649533306002,0.5140422776552541,0.33842219731001233,0.30410390933412645,0.5067882211568575,0.8715210918978274,0.4509176628968215,0.24577835210562848
42305,"NA",0.6188663788121493,0.48491385043793916,0.37475550433244476,0.32070004039877287,0.5151615821294404,0.8656978913987562,0.4785808985158963,0.28694477742003616
42306,"NA",0.6375385722362182,0.5292817689494721,0.38070784500423177,0.32553743889127296,0.4923704961494646,0.8673152463831046,0.4596554752631442,0.24780633937590352
42307,"NA",0.6345618895188485,0.5306622378241568,0.3820198004501553,0.31483405747608895,0.530544448338604,0.8696700899929619,0.49261344804803764,0.26507441356214845
42308,"NA",0.6339939859356527,0.5328672206678794,0.3802898710374816,0.33243790806352463,0.5070502208100169,0.8696509256689812,0.46764516769503717,0.26221845560096085
42309,"NA",0.6338453309897862,0.5281426784359534,0.39406535196861614,0.30329819732871666,0.5074349494341169,0.8590173774788991,0.47628613847149864,0.22527069570259992
42310,"NA",0.6458761500995022,0.5566372422036734,0.3884565372253018,0.3126913315502319,0.5384687554696174,0.8777340829106626,0.4810635237511616,0.22474088395789693
42311,"NA",0.6389172304725156,0.543623586548667,0.40351706082264654,0.31898870143325864,0.5163296096179093,0.8596744233640291,0.5150882151858414,0.22086368775065013
42312,"NA",0.6364999495525897,0.5304542688406477,0.38496027953461653,0.3373433544821989,0.5315237979927951,0.8731621911986945,0.5142321885624993,0.2684931308256636
42313,"NA",0.6409969492750313,0.5407574360832013,0.4084024356533035,0.3048945335580675,0.5353009168495626,0.877712382196052,0.49209571226056403,0.2567805387899875
42315,"NA",0.6366705526899872,0.5587482780056968,0.4293862323365801,0.33393700074322424,0.5362989209908986,0.8823951450997495,0.5402504561732786,0.2519016161201685
42316,"NA",0.6280057869871144,0.5199198535405596,0.3569703780934944,0.3076095812310985,0.5251517207347921,0.8647259481492374,0.44528751335051825,0.26846652805790144
42317,"NA",0.6354156298775597,0.5482359769296665,0.3785892745580866,0.30158688932149147,0.5390354031639963,0.8687485346200761,0.4855681778742472,0.20707113706278726
42318,"NA",0.6299583666672012,0.5379291793307034,0.406101898810795,0.30592370589312967,0.5289164608279026,0.8633459254542292,0.5040668228219237,0.24435970482287095
42320,"NA",0.6362873853510388,0.5331405887968907,0.3870425386731723,0.3347467401330539,0.5176434595109646,0.8640098111270077,0.46561512297042074,0.2629059247665536
42322,"NA",0.6445709165180415,0.5497182190927915,0.3868838085007518,0.35635865947733986,0.5264773016529731,0.8761965453258679,0.49256620498657416,0.26343540223417367
42323,"NA",0.6451296493723886,0.5429601026880618,0.3905085365203936,0.3266052900600724,0.5320443079076302,0.8818386610884862,0.4955503224080221,0.3197987351270892
42324,"NA",0.6484272113276861,0.5543726148776602,0.41765965207361394,0.31984402492661945,0.5381254397604757,0.8787850154905208,0.5077350348604736,0.2689943054893535
42326,"NA",0.6277714551382174,0.5212991550074312,0.3601289423128347,0.26345433510931754,0.5106653868803664,0.8531424385067289,0.4786798687435849,0.1254532876768759
42350,"NA",0.6428127399083442,0.501197399522257,0.4176868182228343,0.33784122091348723,0.5240232757299309,0.8724374792512725,0.49199307206940407,0.29035421696974656
42351,"NA",0.64343242616555,0.5534340255772665,0.3861484322282923,0.3514107199606543,0.5329546950496047,0.8841737697238204,0.4996270494399799,0.27179625773162985
42353,"NA",0.6294401023189807,0.5376480314985405,0.3844877317774784,0.3374649244907588,0.5229671342888483,0.869664522103034,0.4774504761527371,0.26438105124077194
42354,"NA",0.6317753113986134,0.5409453046988242,0.3878297458148091,0.32317546531607677,0.5347079369353668,0.8757074806320073,0.47890161359596123,0.26575206722068956
42356,"NA",0.623725294800298,0.5174953608789733,0.380368207858649,0.2974313527912412,0.48208810445231987,0.8624856370545974,0.4539976351395323,0.2235752141050864
42358,"NA",0.631384331720208,0.5254666867037769,0.36089455441310747,0.3453034772624814,0.5149304002332442,0.8820376135331692,0.48184592279141214,0.27609296570602704
42359,"NA",0.6469923670802559,0.5398244801746643,0.3733670572684438,0.2891865820000869,0.5274754373894668,0.8790937793286718,0.48281434421904024,0.22670107952816557
42360,"NA",0.6304898660502533,0.5318763524620094,0.36903424639935994,0.33204082979957517,0.5152107387128926,0.8479411933650596,0.4608889772686056,0.21133119956339647
42361,"NA",0.6359838180776544,0.5464327975350168,0.3711163600239513,0.32991613465754466,0.517746350143846,0.8679342276156954,0.4692453477914293,0.317622420985472
42362,"NA",0.6397564525746376,0.5472581868992455,0.3973016593016885,0.33009397396461326,0.5261170592060743,0.8621892941374543,0.5075105349070649,0.2590828380276695
42366,"NA",0.6316799383689901,0.53895205341309,0.39379993689549303,0.32354677401383336,0.5162513482323154,0.8609816894819559,0.4965514850226657,0.28331574451806696
42367,"NA",0.6430645127310006,0.5415368082950298,0.385523759607638,0.29459307048066197,0.5314267839353729,0.8604972822954742,0.46061231812682507,0.21768628626548
42396,"NA",0.6437802953088727,0.5486733573417119,0.3868963508239136,0.30229543360166683,0.535211562318082,0.8858817747299452,0.47284400050001507,0.278342151789575
42397,"NA",0.6511516576720682,0.5626890305457829,0.3801134997488536,0.3414642191460462,0.5476835014323069,0.8871514758902403,0.4768802144107213,0.2621668835821959
42400,"NA",0.642084056180891,0.556140505016744,0.35048747591500845,0.2793938871126578,0.5367468713298326,0.8778850824984309,0.4827650370478584,0.20265616883985205
42401,"NA",0.6588415379962392,0.5358424777297464,0.3671668108399174,0.30247006831861895,0.529602787430436,0.8714202203473926,0.4765474462724456,0.21844025562399105
42402,"NA",0.6443167594401854,0.5655035569890025,0.3790002824160315,0.3335268197940366,0.5513329860328897,0.8841260733033623,0.4974908383433551,0.27798061859936224
42406,"NA",0.6469047583918897,0.5646588444391193,0.40430405340065345,0.3684721840882806,0.5546961326158694,0.8721911824543499,0.5006266765793295,0.198113594904036
42407,"NA",0.6470392087325518,0.563843902668779,0.3863981629867499,0.32039535238772204,0.5573431252633219,0.8913111192728584,0.48966189262199916,0.2519626154247517
42408,"NA",0.6385115960000973,0.5387002948806592,0.37058126016073,0.3068507064610128,0.5289395029073876,0.8758848493521182,0.4975678829110165,0.23170574681192874
42409,"NA",0.6438058161095552,0.5497094842232224,0.3665867092262449,0.32351327942320113,0.5410018845545204,0.8715495003146444,0.4964089228687536,0.2112788821929286
42410,"NA",0.6288461822998352,0.5313527714336373,0.3278132662942795,0.2912133070956953,0.5217725295623884,0.8658487461668661,0.42669201108315125,0.16076067581965056
42412,"NA",0.6295612695694609,0.5354575033461265,0.3517546387307556,0.2872949118918811,0.5233816404919767,0.8750697037004717,0.4589388210371084,0.207886698228117
42414,"NA",0.6409260738707566,0.5571984695832828,0.38215120866595936,0.3170287178941305,0.5466450702144268,0.8711536208392703,0.5054063787597423,0.2659859864235562
42415,"NA",0.6360495614623279,0.5495421068798861,0.3727427218699359,0.3142713168852655,0.5457823720573468,0.8811195994436094,0.4975791821412799,0.21950057311289198
42416,"NA",0.6428992635850075,0.55053882247603,0.34784073315241415,0.30969713202513277,0.5435937288570217,0.8744269081602224,0.480660285566937,0.25952275671399533
42417,"NA",0.6150976993792895,0.532786831835786,0.36291916019457393,0.31012197368222516,0.5270541169547313,0.875079013940874,0.4570504764378847,0.19837824380788077
42418,"NA",0.6486160081607236,0.5647623135520587,0.3752433045858897,0.3344562439143779,0.557036235087809,0.8743550174576795,0.4856293623674715,0.27144911135065314
42419,"NA",0.6327648050750344,0.5310836643518293,0.3583250235699877,0.282664859552357,0.5200418358811477,0.8743555492059764,0.46270884061405393,0.1957103579799662
42420,"NA",0.6365779275888289,0.5546114337803156,0.36704011802675723,0.331386927843797,0.5327317700126889,0.8603355014001701,0.48847402294422154,0.20683767305660766
42421,"NA",0.6492850326167107,0.5358821121105516,0.3485655407579712,0.30991343096109814,0.5295306762985801,0.8725821101466074,0.43966209194737965,0.235593634816075
42423,"NA",0.6495125626574694,0.5549450988830404,0.37175872390907555,0.3137146909740973,0.5301293566420964,0.8801519391543214,0.49004431167141654,0.2514875156337931
42424,"NA",0.6478430675624716,0.564402615664122,0.3891199380163927,0.3525189046546509,0.5535752543779295,0.8739467708519081,0.49085757295031646,0.2506796393877436
42426,"NA",0.6431971682454537,0.5520009788073812,0.3715333029634091,0.32150803365263597,0.533135386404018,0.8649121319745037,0.4677626566153172,0.18159171316847603
42429,"NA",0.6385389076914586,0.5486639366111188,0.3588748802761665,0.291677722741361,0.5427215998143554,0.8616043496782282,0.49969041834123684,0.21734936588462675
42430,"NA",0.6474341591348004,0.5500638302289768,0.3344177158928572,0.310963489341902,0.5311670142010453,0.8653564970695051,0.45671712140045506,0.18458955988189366
42431,"NA",0.6251601495027487,0.5491890114652714,0.3723726880727525,0.2933791953599533,0.5365620790656365,0.8685781418761912,0.49132406003985196,0.24131145821126065
42432,"NA",0.6491883647360531,0.5454973251498139,0.35859180240268046,0.3213725329281876,0.5363609193005023,0.8689592618045072,0.4869817752571488,0.25509526651796505
42433,"NA",0.651230685406891,0.5642357961945484,0.3888799734915306,0.3300459464662681,0.5505538968926326,0.8754698895177235,0.5170130848864368,0.2538232409819899
42434,"NA",0.6460644575747553,0.5665073945992688,0.4289470740152757,0.35723364207774017,0.5560266640570226,0.8829380710104762,0.5269382471208356,0.2702086903764886
42435,"NA",0.6550105330739582,0.568416371853158,0.4075757455405191,0.36278043567293056,0.5508680717797473,0.868003250369947,0.5238852830367419,0.2732919670274967
42436,"NA",0.6543792106874751,0.5713466113612349,0.4103290462208527,0.35649527898959,0.5631888476164795,0.8861259954443851,0.5208515034139808,0.24113100571022927
42437,"NA",0.6399599065293405,0.5859198929343019,0.44923225821585894,0.3772072421093861,0.5758057393939755,0.8804897202611166,0.5522290623266632,0.29735333734166397
42438,"NA",0.6471413185837828,0.5502307198876618,0.4109339431722562,0.32746003637908283,0.5440002767466818,0.8812347378489581,0.49584612861873323,0.28616649499459335
42439,"NA",0.6386951434990332,0.5671568988655098,0.38601515740976744,0.33803527406979594,0.5574772825241913,0.8814937663155767,0.5091032093139016,0.236474722415878
42440,"NA",0.6400155407081151,0.5438665004147138,0.3608359307319094,0.28689983699434785,0.5313394825569625,0.8673344458732712,0.47140032900110723,0.21552044760806338
42441,"NA",0.644065690347834,0.5570852643608406,0.3897749348350448,0.29683586954464714,0.544178983729249,0.8658912782153009,0.5188766280271381,0.23056445597491246
42444,"NA",0.6407985887506887,0.5448541041131026,0.3779415626494868,0.30471414488669807,0.5336253662149992,0.870980039464676,0.47895322604216173,0.2707319383215273
42445,"NA",0.6459946274624512,0.5590127425925019,0.3867613965926465,0.3271842046128726,0.546210191491541,0.8687949347330883,0.4852576637118596,0.27116282476740367
42446,"NA",0.6539596478600596,0.5569170034924942,0.40351199635171076,0.3321744428205367,0.5515176031944986,0.8760491146902117,0.48738445046702317,0.2611315783403564
42447,"NA",0.6528299544658538,0.5612838336334262,0.3888455719776232,0.31468068303593666,0.5531170998194628,0.8644314697987836,0.49922557658230016,0.22182048213693942
42448,"NA",0.6558294791107763,0.5583064263125413,0.4145629862372419,0.35727814665486307,0.5410000730082976,0.8718772209988082,0.4989721283778246,0.27704526327320217
42449,"NA",0.6385892716236884,0.5582433464785519,0.3897507826183308,0.33869588924455074,0.5471805517368349,0.8835369411663105,0.5160258410896608,0.24154621559366973
42450,"NA",0.6632372798898292,0.5674847555403163,0.4076773902054113,0.35502547658649325,0.5563629812018215,0.8753411732907316,0.5128133248606911,0.2660516527875173
42453,"NA",0.6186565231290986,0.5245975038878602,0.350537827219705,0.2917549534867884,0.5168165437858421,0.8708664419555279,0.4427712398722742,0.18916922408966605
42454,"NA",0.6571888288229778,0.5713616367245203,0.41193820040777157,0.3581403614067892,0.5597098660646798,0.8820257398578396,0.5049456530525147,0.2866186668424176
42455,"NA",0.6367986083162592,0.5361289141327505,0.3540033876260651,0.28482535016486693,0.5334074128695896,0.8683230744786843,0.4508876857820316,0.21361015264668343
42456,"NA",0.6358409783822715,0.5428264129007289,0.38717443960221204,0.3066608358287779,0.5309728963465516,0.8721378252241004,0.46859926759005305,0.22702628723072799
42696,PD,0.635467940425062,0.5336259161748272,0.3484787209858513,0.2947579740617938,0.5291269572023583,0.8683945324858139,0.46868412367734874,0.21857928131599738
42697,PD,0.6407386174569526,0.5260448314884864,0.31500455607137956,0.27622663769828537,0.5170458188712811,0.8578608873398045,0.4608402833750445,0.1872236413015619
42705,PD,0.6352120183846128,0.5209311220435021,0.34266499121550426,0.29507479375057827,0.5182366428883798,0.859524841945647,0.48620866423948134,0.24543325831733845
42706,PD,0.6325838397837891,0.5269781654186461,0.37801506418473535,0.3167182774885638,0.5151289635047623,0.8703969349740451,0.5022537571954714,0.2014750561081918
42707,PD,0.62445102946567,0.5310568038504564,0.36580753885693373,0.24445951004548877,0.5212969809878892,0.8741559217557213,0.49771774258760876,0.2662008677249593
42713,PD,0.6409864550458032,0.5326139926744128,0.38415415768184485,0.32184428537248566,0.5263421788216727,0.8690162383798538,0.5115925456484886,0.271618889751611
42715,PD,0.6255752386378783,0.5269327244798591,0.38765492428883147,0.30210770019831434,0.5225013015429327,0.8762930735107508,0.4890982632895232,0.2329892794516886
42716,PD,0.6397264631673143,0.5472586668877599,0.3833246622809932,0.3411932891723929,0.5436906011274144,0.8676975159809485,0.4863027608888851,0.24389865236532102
42719,PD,0.6267248622945365,0.5470043445088008,0.395126125021116,0.278543896619515,0.532178359891951,0.8727152822472974,0.4715151223080313,0.266610959826617
42720,PD,0.6278966267480319,0.5341503889931322,0.3577016976757474,0.3029286176987985,0.5307718189936367,0.8704912001755196,0.4831236537807405,0.2968915779680559
42721,PD,0.635112086408054,0.5305222906733338,0.3852375443340193,0.32714973072870895,0.5279422814066635,0.8731267194849107,0.48561339194460806,0.2916880612163234
42723,PD,0.6242970163515839,0.5262670594486925,0.36000032271855115,0.3400120599482646,0.5193254037746102,0.8710559881897224,0.4732130172657824,0.26510933986727647
42725,PD,0.6260460351738345,0.5341621583824443,0.3571854716532684,0.3339371637617825,0.528351257915554,0.8787742951525417,0.47053462822555825,0.21919153454202547
42727,PD,0.6190708575202843,0.527330227103107,0.33828721553785757,0.2870216861957518,0.523396793485636,0.8793433598125506,0.4782717713986281,0.24731343081291587
42737,PD,0.631560668320678,0.5303503933677333,0.37661594076104776,0.30966841074153895,0.5229353470881114,0.8879203507412375,0.4866517823391533,0.2573226081617077
42738,PD,0.629136492924751,0.5237395836644027,0.3452887321407196,0.29250555118439436,0.5287100533790968,0.8699271128571896,0.46729934949195456,0.25680105527796565
42741,PD,0.6177855426141454,0.5325395634991937,0.3394480282735531,0.27678431130808956,0.5265570715001103,0.8654691891893096,0.4793084935149158,0.21879221333302556
42742,PD,0.627953489625258,0.530461258482194,0.37073132459661245,0.29065626946380074,0.5230386413512162,0.874461383025829,0.47331810818536446,0.2605357798180267
42746,PD,0.6150560738912387,0.5198391787060287,0.3404825508516438,0.2771216653952307,0.5108775088500439,0.8785199529173446,0.4777782624667682,0.27289813379039474
